UF,Data,Quantidade
AC,18/01/2021,1
AC,19/01/2021,42
AC,20/01/2021,1.021
AC,21/01/2021,1.605
AC,22/01/2021,1.107
AC,23/01/2021,173
AC,24/01/2021,98
AC,25/01/2021,887
AC,26/01/2021,1.170
AC,27/01/2021,1.248
AC,28/01/2021,1.021
AC,29/01/2021,1.703
AC,30/01/2021,659
AC,31/01/2021,143
AC,01/02/2021,862
AC,02/02/2021,502
AC,03/02/2021,791
AC,04/02/2021,545
AC,05/02/2021,522
AC,06/02/2021,192
AC,07/02/2021,72
AC,08/02/2021,951
AC,09/02/2021,475
AC,10/02/2021,785
AC,11/02/2021,575
AC,12/02/2021,743
AC,13/02/2021,312
AC,14/02/2021,168
AC,15/02/2021,495
AC,16/02/2021,933
AC,17/02/2021,1.781
AC,18/02/2021,2.123
AC,19/02/2021,1.263
AC,20/02/2021,639
AC,21/02/2021,361
AC,22/02/2021,1.173
AC,23/02/2021,789
AC,24/02/2021,756
AC,25/02/2021,2.185
AC,26/02/2021,3.659
AC,27/02/2021,1.246
AC,28/02/2021,365
AC,01/03/2021,1.649
AC,02/03/2021,2.530
AC,03/03/2021,1.962
AC,04/03/2021,2.436
AC,05/03/2021,1.759
AC,06/03/2021,216
AC,07/03/2021,79
AC,08/03/2021,256
AC,09/03/2021,1.073
AC,10/03/2021,1.662
AC,11/03/2021,2.196
AC,12/03/2021,1.062
AC,13/03/2021,168
AC,14/03/2021,52
AC,15/03/2021,805
AC,16/03/2021,1.297
AC,17/03/2021,1.221
AC,18/03/2021,2.010
AC,19/03/2021,851
AC,20/03/2021,83
AC,21/03/2021,68
AC,22/03/2021,1.155
AC,23/03/2021,1.028
AC,24/03/2021,2.107
AC,25/03/2021,4.311
AC,26/03/2021,3.333
AC,27/03/2021,425
AC,28/03/2021,1.235
AC,29/03/2021,3.154
AC,30/03/2021,4.283
AC,31/03/2021,3.947
AC,01/04/2021,3.612
AC,02/04/2021,433
AC,03/04/2021,1.361
AC,04/04/2021,314
AC,05/04/2021,2.400
AC,06/04/2021,1.792
AC,07/04/2021,2.490
AC,08/04/2021,2.026
AC,09/04/2021,1.809
AC,10/04/2021,3.351
AC,11/04/2021,351
AC,12/04/2021,1.809
AC,13/04/2021,1.293
AC,14/04/2021,2.459
AC,15/04/2021,1.469
AC,16/04/2021,1.333
AC,17/04/2021,3.087
AC,18/04/2021,580
AC,19/04/2021,1.349
AC,20/04/2021,1.398
AC,21/04/2021,695
AC,22/04/2021,1.575
AC,23/04/2021,1.288
AC,24/04/2021,760
AC,25/04/2021,413
AC,26/04/2021,1.842
AC,27/04/2021,2.582
AC,28/04/2021,3.618
AC,29/04/2021,3.167
AC,30/04/2021,1.396
AC,01/05/2021,706
AC,02/05/2021,313
AC,03/05/2021,2.969
AC,04/05/2021,2.534
AC,05/05/2021,3.414
AC,06/05/2021,2.504
AC,07/05/2021,3.072
AC,08/05/2021,1.908
AC,09/05/2021,144
AC,10/05/2021,3.728
AC,11/05/2021,3.627
AC,12/05/2021,3.536
AC,13/05/2021,3.611
AC,14/05/2021,2.606
AC,15/05/2021,3.101
AC,16/05/2021,322
AC,17/05/2021,3.067
AC,18/05/2021,2.832
AC,19/05/2021,2.539
AC,20/05/2021,3.184
AC,21/05/2021,2.698
AC,22/05/2021,584
AC,23/05/2021,68
AC,24/05/2021,1.579
AC,25/05/2021,2.393
AC,26/05/2021,2.920
AC,27/05/2021,2.739
AC,28/05/2021,1.921
AC,29/05/2021,2.044
AC,30/05/2021,75
AC,31/05/2021,2.743
AC,01/06/2021,3.366
AC,02/06/2021,5.032
AC,03/06/2021,1.248
AC,04/06/2021,2.485
AC,05/06/2021,1.100
AC,06/06/2021,92
AC,07/06/2021,3.757
AC,08/06/2021,3.881
AC,09/06/2021,4.550
AC,10/06/2021,4.496
AC,11/06/2021,3.771
AC,12/06/2021,2.512
AC,13/06/2021,155
AC,14/06/2021,5.510
AC,15/06/2021,4.343
AC,16/06/2021,9.087
AC,17/06/2021,9.901
AC,18/06/2021,14.407
AC,19/06/2021,9.167
AC,20/06/2021,3.902
AC,21/06/2021,8.542
AC,22/06/2021,8.099
AC,23/06/2021,8.977
AC,24/06/2021,3.427
AC,25/06/2021,8.773
AC,26/06/2021,9.444
AC,27/06/2021,24
AC,28/06/2021,7.138
AC,29/06/2021,5.673
AC,30/06/2021,6.733
AC,01/07/2021,5.150
AC,02/07/2021,6.614
AC,03/07/2021,4.670
AC,04/07/2021,3.629
AC,05/07/2021,5.449
AC,06/07/2021,3.887
AC,07/07/2021,969
AL,17/01/2021,1
AL,18/01/2021,16
AL,19/01/2021,484
AL,20/01/2021,2.067
AL,21/01/2021,3.970
AL,22/01/2021,5.588
AL,23/01/2021,2.006
AL,24/01/2021,164
AL,25/01/2021,4.497
AL,26/01/2021,4.334
AL,27/01/2021,3.968
AL,28/01/2021,5.941
AL,29/01/2021,3.383
AL,30/01/2021,1.010
AL,31/01/2021,511
AL,01/02/2021,2.587
AL,02/02/2021,3.342
AL,03/02/2021,5.046
AL,04/02/2021,4.652
AL,05/02/2021,2.965
AL,06/02/2021,135
AL,07/02/2021,35
AL,08/02/2021,2.269
AL,09/02/2021,2.702
AL,10/02/2021,3.761
AL,11/02/2021,5.609
AL,12/02/2021,6.324
AL,13/02/2021,1.452
AL,14/02/2021,167
AL,15/02/2021,621
AL,16/02/2021,719
AL,17/02/2021,1.030
AL,18/02/2021,7.644
AL,19/02/2021,5.884
AL,20/02/2021,203
AL,21/02/2021,66
AL,22/02/2021,5.176
AL,23/02/2021,4.553
AL,24/02/2021,3.478
AL,25/02/2021,3.910
AL,26/02/2021,3.537
AL,27/02/2021,35
AL,28/02/2021,12
AL,01/03/2021,5.278
AL,02/03/2021,5.933
AL,03/03/2021,5.937
AL,04/03/2021,5.770
AL,05/03/2021,4.927
AL,06/03/2021,553
AL,07/03/2021,22
AL,08/03/2021,4.154
AL,09/03/2021,4.326
AL,10/03/2021,4.448
AL,11/03/2021,6.655
AL,12/03/2021,5.814
AL,13/03/2021,1.933
AL,14/03/2021,555
AL,15/03/2021,4.212
AL,16/03/2021,5.609
AL,17/03/2021,7.483
AL,18/03/2021,8.394
AL,19/03/2021,10.958
AL,20/03/2021,5.739
AL,21/03/2021,1.954
AL,22/03/2021,11.086
AL,23/03/2021,15.904
AL,24/03/2021,19.801
AL,25/03/2021,19.350
AL,26/03/2021,16.142
AL,27/03/2021,11.591
AL,28/03/2021,5.630
AL,29/03/2021,14.755
AL,30/03/2021,18.119
AL,31/03/2021,15.910
AL,01/04/2021,11.453
AL,02/04/2021,3.986
AL,03/04/2021,16.091
AL,04/04/2021,5.384
AL,05/04/2021,19.093
AL,06/04/2021,19.218
AL,07/04/2021,20.726
AL,08/04/2021,14.289
AL,09/04/2021,13.848
AL,10/04/2021,11.425
AL,11/04/2021,6.166
AL,12/04/2021,14.124
AL,13/04/2021,20.588
AL,14/04/2021,19.060
AL,15/04/2021,13.004
AL,16/04/2021,9.750
AL,17/04/2021,5.478
AL,18/04/2021,1.850
AL,19/04/2021,9.425
AL,20/04/2021,12.493
AL,21/04/2021,6.946
AL,22/04/2021,13.114
AL,23/04/2021,9.129
AL,24/04/2021,9.200
AL,25/04/2021,2.404
AL,26/04/2021,4.830
AL,27/04/2021,6.065
AL,28/04/2021,6.306
AL,29/04/2021,6.532
AL,30/04/2021,4.643
AL,01/05/2021,5.062
AL,02/05/2021,4.386
AL,03/05/2021,7.141
AL,04/05/2021,8.228
AL,05/05/2021,11.400
AL,06/05/2021,12.071
AL,07/05/2021,11.565
AL,08/05/2021,8.603
AL,09/05/2021,4.169
AL,10/05/2021,10.081
AL,11/05/2021,13.583
AL,12/05/2021,14.814
AL,13/05/2021,12.787
AL,14/05/2021,12.075
AL,15/05/2021,10.247
AL,16/05/2021,6.177
AL,17/05/2021,13.163
AL,18/05/2021,17.334
AL,19/05/2021,17.619
AL,20/05/2021,17.656
AL,21/05/2021,16.947
AL,22/05/2021,8.997
AL,23/05/2021,4.379
AL,24/05/2021,14.079
AL,25/05/2021,19.363
AL,26/05/2021,17.895
AL,27/05/2021,14.235
AL,28/05/2021,14.538
AL,29/05/2021,9.607
AL,30/05/2021,4.571
AL,31/05/2021,10.166
AL,01/06/2021,11.826
AL,02/06/2021,13.855
AL,03/06/2021,6.793
AL,04/06/2021,12.899
AL,05/06/2021,12.035
AL,06/06/2021,1.996
AL,07/06/2021,10.186
AL,08/06/2021,10.852
AL,09/06/2021,10.662
AL,10/06/2021,16.031
AL,11/06/2021,15.464
AL,12/06/2021,8.796
AL,13/06/2021,1.838
AL,14/06/2021,11.121
AL,15/06/2021,13.840
AL,16/06/2021,13.230
AL,17/06/2021,12.348
AL,18/06/2021,10.897
AL,19/06/2021,11.095
AL,20/06/2021,6.526
AL,21/06/2021,13.899
AL,22/06/2021,20.139
AL,23/06/2021,18.332
AL,24/06/2021,7.763
AL,25/06/2021,15.415
AL,26/06/2021,18.557
AL,27/06/2021,10.657
AL,28/06/2021,20.681
AL,29/06/2021,10.513
AL,30/06/2021,21.589
AL,01/07/2021,17.526
AL,02/07/2021,17.545
AL,03/07/2021,15.837
AL,04/07/2021,7.511
AL,05/07/2021,19.795
AL,06/07/2021,20.608
AL,07/07/2021,14.139
AM,17/01/2021,42
AM,18/01/2021,7
AM,19/01/2021,1.774
AM,20/01/2021,8.452
AM,21/01/2021,5.752
AM,22/01/2021,6.447
AM,23/01/2021,6.255
AM,24/01/2021,3.707
AM,25/01/2021,8.924
AM,26/01/2021,6.316
AM,27/01/2021,8.137
AM,28/01/2021,6.188
AM,29/01/2021,9.258
AM,30/01/2021,7.981
AM,31/01/2021,7.990
AM,01/02/2021,12.454
AM,02/02/2021,15.791
AM,03/02/2021,15.791
AM,04/02/2021,10.228
AM,05/02/2021,9.135
AM,06/02/2021,3.493
AM,07/02/2021,577
AM,08/02/2021,18.417
AM,09/02/2021,19.860
AM,10/02/2021,13.736
AM,11/02/2021,9.368
AM,12/02/2021,8.852
AM,13/02/2021,4.593
AM,14/02/2021,1.571
AM,15/02/2021,7.517
AM,16/02/2021,6.220
AM,17/02/2021,9.181
AM,18/02/2021,7.722
AM,19/02/2021,6.508
AM,20/02/2021,3.753
AM,21/02/2021,665
AM,22/02/2021,5.472
AM,23/02/2021,5.561
AM,24/02/2021,5.175
AM,25/02/2021,4.155
AM,26/02/2021,8.102
AM,27/02/2021,6.081
AM,28/02/2021,1.123
AM,01/03/2021,12.657
AM,02/03/2021,15.607
AM,03/03/2021,18.751
AM,04/03/2021,17.245
AM,05/03/2021,18.622
AM,06/03/2021,9.729
AM,07/03/2021,414
AM,08/03/2021,7.371
AM,09/03/2021,7.296
AM,10/03/2021,9.762
AM,11/03/2021,11.431
AM,12/03/2021,10.667
AM,13/03/2021,7.749
AM,14/03/2021,363
AM,15/03/2021,11.439
AM,16/03/2021,8.493
AM,17/03/2021,11.603
AM,18/03/2021,7.434
AM,19/03/2021,11.732
AM,20/03/2021,8.018
AM,21/03/2021,426
AM,22/03/2021,4.440
AM,23/03/2021,4.175
AM,24/03/2021,3.650
AM,25/03/2021,3.119
AM,26/03/2021,3.489
AM,27/03/2021,2.210
AM,28/03/2021,734
AM,29/03/2021,5.889
AM,30/03/2021,6.774
AM,31/03/2021,8.113
AM,01/04/2021,6.129
AM,02/04/2021,612
AM,03/04/2021,7.894
AM,04/04/2021,288
AM,05/04/2021,9.677
AM,06/04/2021,11.480
AM,07/04/2021,12.308
AM,08/04/2021,13.999
AM,09/04/2021,12.596
AM,10/04/2021,11.154
AM,11/04/2021,699
AM,12/04/2021,15.516
AM,13/04/2021,14.978
AM,14/04/2021,15.736
AM,15/04/2021,12.992
AM,16/04/2021,13.223
AM,17/04/2021,7.937
AM,18/04/2021,955
AM,19/04/2021,11.035
AM,20/04/2021,13.603
AM,21/04/2021,11.533
AM,22/04/2021,13.482
AM,23/04/2021,12.401
AM,24/04/2021,11.236
AM,25/04/2021,684
AM,26/04/2021,11.740
AM,27/04/2021,13.864
AM,28/04/2021,9.358
AM,29/04/2021,15.200
AM,30/04/2021,14.793
AM,01/05/2021,11.011
AM,02/05/2021,500
AM,03/05/2021,13.487
AM,04/05/2021,12.174
AM,05/05/2021,12.247
AM,06/05/2021,10.203
AM,07/05/2021,8.399
AM,08/05/2021,7.940
AM,09/05/2021,541
AM,10/05/2021,13.027
AM,11/05/2021,13.611
AM,12/05/2021,12.075
AM,13/05/2021,11.379
AM,14/05/2021,11.052
AM,15/05/2021,8.618
AM,16/05/2021,416
AM,17/05/2021,10.775
AM,18/05/2021,11.770
AM,19/05/2021,17.214
AM,20/05/2021,16.514
AM,21/05/2021,16.552
AM,22/05/2021,12.110
AM,23/05/2021,565
AM,24/05/2021,16.525
AM,25/05/2021,15.180
AM,26/05/2021,12.554
AM,27/05/2021,12.462
AM,28/05/2021,10.854
AM,29/05/2021,6.759
AM,30/05/2021,453
AM,31/05/2021,9.286
AM,01/06/2021,11.741
AM,02/06/2021,19.564
AM,03/06/2021,16.533
AM,04/06/2021,14.589
AM,05/06/2021,10.122
AM,06/06/2021,40
AM,07/06/2021,5.808
AM,08/06/2021,14.820
AM,09/06/2021,15.245
AM,10/06/2021,16.210
AM,11/06/2021,18.110
AM,12/06/2021,65.797
AM,13/06/2021,80.448
AM,14/06/2021,7.494
AM,15/06/2021,21.477
AM,16/06/2021,18.645
AM,17/06/2021,18.900
AM,18/06/2021,33.771
AM,19/06/2021,56.872
AM,20/06/2021,1.701
AM,21/06/2021,7.775
AM,22/06/2021,23.753
AM,23/06/2021,18.878
AM,24/06/2021,12.179
AM,25/06/2021,16.749
AM,26/06/2021,23.632
AM,27/06/2021,876
AM,28/06/2021,17.919
AM,29/06/2021,50.112
AM,30/06/2021,49.665
AM,01/07/2021,6.178
AM,02/07/2021,24.914
AM,03/07/2021,21.796
AM,04/07/2021,168
AM,05/07/2021,16.019
AM,06/07/2021,1.213
AM,07/07/2021,510
AP,17/01/2021,2
AP,18/01/2021,3
AP,19/01/2021,270
AP,20/01/2021,1.707
AP,21/01/2021,1.308
AP,22/01/2021,945
AP,23/01/2021,1.073
AP,24/01/2021,563
AP,25/01/2021,1.380
AP,26/01/2021,831
AP,27/01/2021,685
AP,28/01/2021,739
AP,29/01/2021,917
AP,30/01/2021,1.113
AP,31/01/2021,2
AP,01/02/2021,396
AP,02/02/2021,867
AP,03/02/2021,1.154
AP,04/02/2021,724
AP,05/02/2021,1.024
AP,06/02/2021,190
AP,07/02/2021,23
AP,08/02/2021,177
AP,09/02/2021,402
AP,10/02/2021,869
AP,11/02/2021,1.215
AP,12/02/2021,732
AP,13/02/2021,1.731
AP,14/02/2021,19
AP,15/02/2021,732
AP,16/02/2021,690
AP,17/02/2021,2.106
AP,18/02/2021,2.438
AP,19/02/2021,1.877
AP,20/02/2021,595
AP,21/02/2021,92
AP,22/02/2021,1.165
AP,23/02/2021,765
AP,24/02/2021,681
AP,25/02/2021,983
AP,26/02/2021,968
AP,27/02/2021,102
AP,28/02/2021,6
AP,01/03/2021,391
AP,02/03/2021,447
AP,03/03/2021,1.173
AP,04/03/2021,843
AP,05/03/2021,1.807
AP,06/03/2021,164
AP,07/03/2021,30
AP,08/03/2021,955
AP,09/03/2021,1.176
AP,10/03/2021,1.484
AP,11/03/2021,1.640
AP,12/03/2021,2.012
AP,13/03/2021,1.558
AP,14/03/2021,20
AP,15/03/2021,587
AP,16/03/2021,693
AP,17/03/2021,850
AP,18/03/2021,1.474
AP,19/03/2021,1.611
AP,20/03/2021,1.150
AP,21/03/2021,21
AP,22/03/2021,3.122
AP,23/03/2021,4.323
AP,24/03/2021,4.553
AP,25/03/2021,4.994
AP,26/03/2021,1.771
AP,27/03/2021,478
AP,28/03/2021,551
AP,29/03/2021,1.647
AP,30/03/2021,1.622
AP,31/03/2021,1.554
AP,01/04/2021,1.870
AP,02/04/2021,2.220
AP,03/04/2021,2.039
AP,04/04/2021,2.173
AP,05/04/2021,2.521
AP,06/04/2021,1.723
AP,07/04/2021,1.814
AP,08/04/2021,2.494
AP,09/04/2021,4.200
AP,10/04/2021,3.236
AP,11/04/2021,876
AP,12/04/2021,2.243
AP,13/04/2021,2.307
AP,14/04/2021,1.098
AP,15/04/2021,628
AP,16/04/2021,2.150
AP,17/04/2021,508
AP,18/04/2021,613
AP,19/04/2021,4.905
AP,20/04/2021,3.093
AP,21/04/2021,1.449
AP,22/04/2021,1.754
AP,23/04/2021,2.041
AP,24/04/2021,1.726
AP,25/04/2021,513
AP,26/04/2021,2.548
AP,27/04/2021,1.747
AP,28/04/2021,1.509
AP,29/04/2021,891
AP,30/04/2021,850
AP,01/05/2021,718
AP,02/05/2021,736
AP,03/05/2021,1.397
AP,04/05/2021,1.791
AP,05/05/2021,2.946
AP,06/05/2021,2.606
AP,07/05/2021,4.200
AP,08/05/2021,1.850
AP,09/05/2021,5
AP,10/05/2021,1.022
AP,11/05/2021,2.806
AP,12/05/2021,3.382
AP,13/05/2021,2.554
AP,14/05/2021,4.276
AP,15/05/2021,7.682
AP,16/05/2021,797
AP,17/05/2021,2.657
AP,18/05/2021,4.170
AP,19/05/2021,1.180
AP,20/05/2021,1.021
AP,21/05/2021,1.925
AP,22/05/2021,658
AP,23/05/2021,21
AP,24/05/2021,1.337
AP,25/05/2021,1.157
AP,26/05/2021,1.939
AP,27/05/2021,1.815
AP,28/05/2021,2.410
AP,29/05/2021,1.352
AP,30/05/2021,55
AP,31/05/2021,2.059
AP,01/06/2021,2.069
AP,02/06/2021,1.448
AP,03/06/2021,437
AP,04/06/2021,1.863
AP,05/06/2021,999
AP,06/06/2021,1.370
AP,07/06/2021,2.590
AP,08/06/2021,2.825
AP,09/06/2021,3.187
AP,10/06/2021,3.175
AP,11/06/2021,7.381
AP,12/06/2021,3.139
AP,13/06/2021,449
AP,14/06/2021,3.934
AP,15/06/2021,3.958
AP,16/06/2021,4.543
AP,17/06/2021,3.445
AP,18/06/2021,2.962
AP,19/06/2021,2.612
AP,20/06/2021,295
AP,21/06/2021,3.125
AP,22/06/2021,2.627
AP,23/06/2021,4.046
AP,24/06/2021,2.873
AP,25/06/2021,3.107
AP,26/06/2021,4.395
AP,27/06/2021,2.386
AP,28/06/2021,2.630
AP,29/06/2021,3.581
AP,30/06/2021,1.093
AP,01/07/2021,1.080
AP,02/07/2021,1.079
AP,03/07/2021,297
AP,04/07/2021,264
AP,05/07/2021,546
AP,06/07/2021,600
AP,07/07/2021,967
AP,08/07/2021,4
BA,17/01/2021,81
BA,18/01/2021,92
BA,19/01/2021,8.202
BA,20/01/2021,29.428
BA,21/01/2021,22.801
BA,22/01/2021,14.192
BA,23/01/2021,4.688
BA,24/01/2021,3.602
BA,25/01/2021,15.436
BA,26/01/2021,25.342
BA,27/01/2021,21.550
BA,28/01/2021,18.359
BA,29/01/2021,18.625
BA,30/01/2021,8.465
BA,31/01/2021,5.258
BA,01/02/2021,16.291
BA,02/02/2021,23.037
BA,03/02/2021,18.182
BA,04/02/2021,17.313
BA,05/02/2021,18.353
BA,06/02/2021,9.952
BA,07/02/2021,1.586
BA,08/02/2021,23.022
BA,09/02/2021,26.638
BA,10/02/2021,18.757
BA,11/02/2021,17.876
BA,12/02/2021,12.964
BA,13/02/2021,1.033
BA,14/02/2021,65
BA,15/02/2021,9.188
BA,16/02/2021,13.540
BA,17/02/2021,21.504
BA,18/02/2021,26.425
BA,19/02/2021,19.533
BA,20/02/2021,3.394
BA,21/02/2021,299
BA,22/02/2021,24.963
BA,23/02/2021,19.004
BA,24/02/2021,10.020
BA,25/02/2021,16.778
BA,26/02/2021,27.591
BA,27/02/2021,16.134
BA,28/02/2021,8.621
BA,01/03/2021,25.890
BA,02/03/2021,29.355
BA,03/03/2021,25.474
BA,04/03/2021,34.793
BA,05/03/2021,32.248
BA,06/03/2021,13.015
BA,07/03/2021,3.156
BA,08/03/2021,34.799
BA,09/03/2021,37.651
BA,10/03/2021,33.758
BA,11/03/2021,45.988
BA,12/03/2021,46.588
BA,13/03/2021,20.925
BA,14/03/2021,5.783
BA,15/03/2021,34.923
BA,16/03/2021,30.368
BA,17/03/2021,34.569
BA,18/03/2021,63.694
BA,19/03/2021,55.288
BA,20/03/2021,22.719
BA,21/03/2021,12.085
BA,22/03/2021,77.403
BA,23/03/2021,94.759
BA,24/03/2021,77.426
BA,25/03/2021,67.946
BA,26/03/2021,51.759
BA,27/03/2021,52.093
BA,28/03/2021,30.774
BA,29/03/2021,99.708
BA,30/03/2021,94.924
BA,31/03/2021,69.132
BA,01/04/2021,31.844
BA,02/04/2021,2.309
BA,03/04/2021,38.935
BA,04/04/2021,12.231
BA,05/04/2021,84.176
BA,06/04/2021,63.775
BA,07/04/2021,46.842
BA,08/04/2021,41.289
BA,09/04/2021,50.108
BA,10/04/2021,34.471
BA,11/04/2021,7.641
BA,12/04/2021,57.159
BA,13/04/2021,45.427
BA,14/04/2021,45.896
BA,15/04/2021,52.573
BA,16/04/2021,49.456
BA,17/04/2021,46.314
BA,18/04/2021,20.802
BA,19/04/2021,104.644
BA,20/04/2021,100.413
BA,21/04/2021,32.570
BA,22/04/2021,78.356
BA,23/04/2021,61.291
BA,24/04/2021,43.420
BA,25/04/2021,16.879
BA,26/04/2021,91.552
BA,27/04/2021,82.398
BA,28/04/2021,53.092
BA,29/04/2021,38.030
BA,30/04/2021,47.433
BA,01/05/2021,22.370
BA,02/05/2021,7.808
BA,03/05/2021,70.438
BA,04/05/2021,73.694
BA,05/05/2021,78.383
BA,06/05/2021,78.331
BA,07/05/2021,66.540
BA,08/05/2021,26.685
BA,09/05/2021,618
BA,10/05/2021,65.594
BA,11/05/2021,74.999
BA,12/05/2021,51.292
BA,13/05/2021,49.716
BA,14/05/2021,37.616
BA,15/05/2021,41.981
BA,16/05/2021,16.057
BA,17/05/2021,54.091
BA,18/05/2021,47.022
BA,19/05/2021,41.162
BA,20/05/2021,45.715
BA,21/05/2021,50.359
BA,22/05/2021,22.710
BA,23/05/2021,629
BA,24/05/2021,27.981
BA,25/05/2021,41.170
BA,26/05/2021,36.523
BA,27/05/2021,70.142
BA,28/05/2021,75.324
BA,29/05/2021,16.810
BA,30/05/2021,997
BA,31/05/2021,49.377
BA,01/06/2021,46.778
BA,02/06/2021,47.410
BA,03/06/2021,43.059
BA,04/06/2021,67.268
BA,05/06/2021,24.077
BA,06/06/2021,2.793
BA,07/06/2021,72.661
BA,08/06/2021,68.946
BA,09/06/2021,52.007
BA,10/06/2021,56.133
BA,11/06/2021,77.579
BA,12/06/2021,29.320
BA,13/06/2021,1.350
BA,14/06/2021,56.225
BA,15/06/2021,57.485
BA,16/06/2021,63.484
BA,17/06/2021,43.166
BA,18/06/2021,48.483
BA,19/06/2021,36.623
BA,20/06/2021,12.399
BA,21/06/2021,89.937
BA,22/06/2021,83.749
BA,23/06/2021,32.082
BA,24/06/2021,4.229
BA,25/06/2021,43.132
BA,26/06/2021,29.335
BA,27/06/2021,14.022
BA,28/06/2021,88.905
BA,29/06/2021,59.033
BA,30/06/2021,38.429
BA,01/07/2021,72.265
BA,02/07/2021,26.681
BA,03/07/2021,9.180
BA,04/07/2021,26.490
BA,05/07/2021,64.114
BA,06/07/2021,48.282
BA,07/07/2021,18.721
BA,08/07/2021,5
CE,17/01/2021,43.973
CE,18/01/2021,118
CE,19/01/2021,4.289
CE,20/01/2021,10.374
CE,21/01/2021,9.854
CE,22/01/2021,8.130
CE,23/01/2021,2.795
CE,24/01/2021,1.815
CE,25/01/2021,7.936
CE,26/01/2021,7.286
CE,27/01/2021,17.012
CE,28/01/2021,18.646
CE,29/01/2021,13.651
CE,30/01/2021,3.488
CE,31/01/2021,1.887
CE,01/02/2021,10.829
CE,02/02/2021,13.147
CE,03/02/2021,11.484
CE,04/02/2021,11.675
CE,05/02/2021,10.656
CE,06/02/2021,6.716
CE,07/02/2021,6.270
CE,08/02/2021,9.029
CE,09/02/2021,9.456
CE,10/02/2021,11.317
CE,11/02/2021,15.192
CE,12/02/2021,13.705
CE,13/02/2021,11.339
CE,14/02/2021,10.704
CE,15/02/2021,15.922
CE,16/02/2021,17.435
CE,17/02/2021,18.966
CE,18/02/2021,18.917
CE,19/02/2021,14.285
CE,20/02/2021,7.459
CE,21/02/2021,4.287
CE,22/02/2021,10.996
CE,23/02/2021,9.698
CE,24/02/2021,7.839
CE,25/02/2021,11.978
CE,26/02/2021,18.179
CE,27/02/2021,7.915
CE,28/02/2021,5.111
CE,01/03/2021,25.179
CE,02/03/2021,21.945
CE,03/03/2021,21.344
CE,04/03/2021,21.773
CE,05/03/2021,20.219
CE,06/03/2021,13.203
CE,07/03/2021,7.633
CE,08/03/2021,20.818
CE,09/03/2021,22.074
CE,10/03/2021,23.339
CE,11/03/2021,21.775
CE,12/03/2021,17.922
CE,13/03/2021,6.264
CE,14/03/2021,2.630
CE,15/03/2021,15.278
CE,16/03/2021,13.746
CE,17/03/2021,14.815
CE,18/03/2021,17.539
CE,19/03/2021,10.252
CE,20/03/2021,13.692
CE,21/03/2021,7.147
CE,22/03/2021,35.777
CE,23/03/2021,53.406
CE,24/03/2021,55.902
CE,25/03/2021,63.388
CE,26/03/2021,31.275
CE,27/03/2021,27.971
CE,28/03/2021,21.016
CE,29/03/2021,38.585
CE,30/03/2021,43.026
CE,31/03/2021,47.645
CE,01/04/2021,48.471
CE,02/04/2021,31.319
CE,03/04/2021,33.357
CE,04/04/2021,7.621
CE,05/04/2021,23.698
CE,06/04/2021,28.917
CE,07/04/2021,27.187
CE,08/04/2021,23.429
CE,09/04/2021,19.349
CE,10/04/2021,15.801
CE,11/04/2021,5.641
CE,12/04/2021,26.982
CE,13/04/2021,24.527
CE,14/04/2021,25.164
CE,15/04/2021,30.597
CE,16/04/2021,32.978
CE,17/04/2021,35.163
CE,18/04/2021,6.871
CE,19/04/2021,39.110
CE,20/04/2021,50.698
CE,21/04/2021,35.749
CE,22/04/2021,38.877
CE,23/04/2021,30.253
CE,24/04/2021,36.026
CE,25/04/2021,8.927
CE,26/04/2021,33.476
CE,27/04/2021,40.516
CE,28/04/2021,31.429
CE,29/04/2021,23.475
CE,30/04/2021,14.267
CE,01/05/2021,15.534
CE,02/05/2021,7.291
CE,03/05/2021,25.362
CE,04/05/2021,23.397
CE,05/05/2021,21.254
CE,06/05/2021,14.351
CE,07/05/2021,15.646
CE,08/05/2021,25.800
CE,09/05/2021,3.789
CE,10/05/2021,18.769
CE,11/05/2021,18.000
CE,12/05/2021,16.180
CE,13/05/2021,18.856
CE,14/05/2021,13.399
CE,15/05/2021,23.021
CE,16/05/2021,35.510
CE,17/05/2021,14.732
CE,18/05/2021,15.237
CE,19/05/2021,15.907
CE,20/05/2021,27.211
CE,21/05/2021,18.812
CE,22/05/2021,19.950
CE,23/05/2021,4.642
CE,24/05/2021,18.084
CE,25/05/2021,18.941
CE,26/05/2021,16.541
CE,27/05/2021,17.465
CE,28/05/2021,19.919
CE,29/05/2021,27.272
CE,30/05/2021,4.760
CE,31/05/2021,17.982
CE,01/06/2021,19.688
CE,02/06/2021,26.344
CE,03/06/2021,17.845
CE,04/06/2021,17.484
CE,05/06/2021,13.020
CE,06/06/2021,8.051
CE,07/06/2021,18.427
CE,08/06/2021,21.553
CE,09/06/2021,21.871
CE,10/06/2021,28.478
CE,11/06/2021,26.265
CE,12/06/2021,42.070
CE,13/06/2021,10.453
CE,14/06/2021,20.968
CE,15/06/2021,22.401
CE,16/06/2021,25.595
CE,17/06/2021,22.238
CE,18/06/2021,32.412
CE,19/06/2021,41.631
CE,20/06/2021,10.318
CE,21/06/2021,26.411
CE,22/06/2021,27.072
CE,23/06/2021,28.558
CE,24/06/2021,29.552
CE,25/06/2021,27.637
CE,26/06/2021,52.667
CE,27/06/2021,2.846
CE,28/06/2021,19.948
CE,29/06/2021,18.114
CE,30/06/2021,19.863
CE,01/07/2021,27.907
CE,02/07/2021,21.205
CE,03/07/2021,20.623
CE,04/07/2021,7.860
CE,05/07/2021,30.149
CE,06/07/2021,18.844
CE,07/07/2021,2.933
DF,17/01/2021,5
DF,18/01/2021,8
DF,19/01/2021,2.681
DF,20/01/2021,5.889
DF,21/01/2021,4.226
DF,22/01/2021,3.423
DF,23/01/2021,15
DF,24/01/2021,2
DF,25/01/2021,3.053
DF,26/01/2021,5.962
DF,27/01/2021,7.722
DF,28/01/2021,6.401
DF,29/01/2021,7.034
DF,30/01/2021,100
DF,31/01/2021,25
DF,01/02/2021,14.144
DF,02/02/2021,17.260
DF,03/02/2021,8.032
DF,04/02/2021,5.686
DF,05/02/2021,4.436
DF,06/02/2021,3
DF,07/02/2021,6
DF,08/02/2021,2.505
DF,09/02/2021,5.645
DF,10/02/2021,6.092
DF,11/02/2021,5.208
DF,12/02/2021,4.126
DF,13/02/2021,76
DF,14/02/2021,37
DF,15/02/2021,2
DF,16/02/2021,14
DF,17/02/2021,1.679
DF,18/02/2021,5.843
DF,19/02/2021,5.309
DF,20/02/2021,23
DF,21/02/2021,26
DF,22/02/2021,5.060
DF,23/02/2021,5.015
DF,24/02/2021,5.161
DF,25/02/2021,4.918
DF,26/02/2021,14.337
DF,27/02/2021,13
DF,28/02/2021,15
DF,01/03/2021,12.694
DF,02/03/2021,6.883
DF,03/03/2021,3.448
DF,04/03/2021,7.433
DF,05/03/2021,6.808
DF,06/03/2021,381
DF,07/03/2021,5
DF,08/03/2021,2.657
DF,09/03/2021,3.382
DF,10/03/2021,2.654
DF,11/03/2021,8.684
DF,12/03/2021,4.096
DF,13/03/2021,217
DF,14/03/2021,32
DF,15/03/2021,2.140
DF,16/03/2021,3.173
DF,17/03/2021,2.197
DF,18/03/2021,17.062
DF,19/03/2021,6.402
DF,20/03/2021,675
DF,21/03/2021,497
DF,22/03/2021,21.055
DF,23/03/2021,16.292
DF,24/03/2021,5.640
DF,25/03/2021,3.291
DF,26/03/2021,26.381
DF,27/03/2021,9.429
DF,28/03/2021,7.354
DF,29/03/2021,10.883
DF,30/03/2021,9.607
DF,31/03/2021,6.137
DF,01/04/2021,6.269
DF,02/04/2021,12
DF,03/04/2021,3.185
DF,04/04/2021,361
DF,05/04/2021,7.873
DF,06/04/2021,4.187
DF,07/04/2021,3.238
DF,08/04/2021,6.207
DF,09/04/2021,11.895
DF,10/04/2021,915
DF,11/04/2021,457
DF,12/04/2021,6.822
DF,13/04/2021,8.207
DF,14/04/2021,9.315
DF,15/04/2021,14.364
DF,16/04/2021,23.633
DF,17/04/2021,10.635
DF,18/04/2021,4.015
DF,19/04/2021,22.774
DF,20/04/2021,20.547
DF,21/04/2021,1.296
DF,22/04/2021,15.871
DF,23/04/2021,32.371
DF,24/04/2021,13.053
DF,25/04/2021,4.477
DF,26/04/2021,20.506
DF,27/04/2021,13.546
DF,28/04/2021,8.004
DF,29/04/2021,5.316
DF,30/04/2021,28.288
DF,01/05/2021,7.155
DF,02/05/2021,2.631
DF,03/05/2021,16.890
DF,04/05/2021,15.422
DF,05/05/2021,12.236
DF,06/05/2021,13.775
DF,07/05/2021,11.398
DF,08/05/2021,6.616
DF,09/05/2021,2.272
DF,10/05/2021,11.213
DF,11/05/2021,9.326
DF,12/05/2021,5.470
DF,13/05/2021,10.970
DF,14/05/2021,10.779
DF,15/05/2021,4.102
DF,16/05/2021,1.903
DF,17/05/2021,6.509
DF,18/05/2021,7.038
DF,19/05/2021,8.214
DF,20/05/2021,9.823
DF,21/05/2021,9.751
DF,22/05/2021,649
DF,23/05/2021,807
DF,24/05/2021,9.717
DF,25/05/2021,6.759
DF,26/05/2021,9.863
DF,27/05/2021,9.432
DF,28/05/2021,9.105
DF,29/05/2021,1.725
DF,30/05/2021,1.509
DF,31/05/2021,15.098
DF,01/06/2021,14.993
DF,02/06/2021,14.536
DF,03/06/2021,1.043
DF,04/06/2021,12.480
DF,05/06/2021,2.088
DF,06/06/2021,1.909
DF,07/06/2021,14.461
DF,08/06/2021,8.462
DF,09/06/2021,14.942
DF,10/06/2021,13.374
DF,11/06/2021,10.143
DF,12/06/2021,4.302
DF,13/06/2021,4.353
DF,14/06/2021,23.255
DF,15/06/2021,22.552
DF,16/06/2021,21.380
DF,17/06/2021,26.750
DF,18/06/2021,27.210
DF,19/06/2021,3.197
DF,20/06/2021,3.216
DF,21/06/2021,11.008
DF,22/06/2021,10.286
DF,23/06/2021,7.786
DF,24/06/2021,9.580
DF,25/06/2021,8.999
DF,26/06/2021,2.802
DF,27/06/2021,3.104
DF,28/06/2021,20.191
DF,29/06/2021,17.225
DF,30/06/2021,12.922
DF,01/07/2021,9.195
DF,02/07/2021,15.031
DF,03/07/2021,2.286
DF,04/07/2021,2.698
DF,05/07/2021,12.038
DF,06/07/2021,8.818
DF,07/07/2021,10.656
ES,17/01/2021,2
ES,18/01/2021,101
ES,19/01/2021,581
ES,20/01/2021,5.694
ES,21/01/2021,6.622
ES,22/01/2021,5.105
ES,23/01/2021,1.873
ES,24/01/2021,586
ES,25/01/2021,4.577
ES,26/01/2021,8.314
ES,27/01/2021,9.304
ES,28/01/2021,8.126
ES,29/01/2021,6.850
ES,30/01/2021,20
ES,31/01/2021,12
ES,01/02/2021,4.607
ES,02/02/2021,4.794
ES,03/02/2021,4.163
ES,04/02/2021,4.355
ES,05/02/2021,5.693
ES,06/02/2021,1.290
ES,07/02/2021,645
ES,08/02/2021,3.396
ES,09/02/2021,4.885
ES,10/02/2021,5.321
ES,11/02/2021,4.170
ES,12/02/2021,3.899
ES,13/02/2021,1.215
ES,14/02/2021,16
ES,15/02/2021,357
ES,16/02/2021,523
ES,17/02/2021,2.633
ES,18/02/2021,9.136
ES,19/02/2021,10.464
ES,20/02/2021,2.073
ES,21/02/2021,87
ES,22/02/2021,7.915
ES,23/02/2021,8.549
ES,24/02/2021,8.644
ES,25/02/2021,6.922
ES,26/02/2021,7.507
ES,27/02/2021,2.883
ES,28/02/2021,134
ES,01/03/2021,6.441
ES,02/03/2021,10.529
ES,03/03/2021,12.414
ES,04/03/2021,8.372
ES,05/03/2021,8.008
ES,06/03/2021,4.121
ES,07/03/2021,4
ES,08/03/2021,6.203
ES,09/03/2021,6.263
ES,10/03/2021,6.473
ES,11/03/2021,6.748
ES,12/03/2021,7.298
ES,13/03/2021,7.256
ES,14/03/2021,9
ES,15/03/2021,5.813
ES,16/03/2021,6.924
ES,17/03/2021,6.679
ES,18/03/2021,6.256
ES,19/03/2021,12.310
ES,20/03/2021,12.352
ES,21/03/2021,162
ES,22/03/2021,6.839
ES,23/03/2021,13.838
ES,24/03/2021,22.815
ES,25/03/2021,26.977
ES,26/03/2021,22.617
ES,27/03/2021,26.141
ES,28/03/2021,2.999
ES,29/03/2021,13.958
ES,30/03/2021,27.305
ES,31/03/2021,29.642
ES,01/04/2021,14.148
ES,02/04/2021,4.892
ES,03/04/2021,23.096
ES,04/04/2021,1.998
ES,05/04/2021,16.034
ES,06/04/2021,22.029
ES,07/04/2021,17.546
ES,08/04/2021,14.807
ES,09/04/2021,17.371
ES,10/04/2021,37.433
ES,11/04/2021,104
ES,12/04/2021,8.156
ES,13/04/2021,17.268
ES,14/04/2021,18.056
ES,15/04/2021,16.493
ES,16/04/2021,18.279
ES,17/04/2021,33.002
ES,18/04/2021,2.513
ES,19/04/2021,18.456
ES,20/04/2021,26.739
ES,21/04/2021,10.118
ES,22/04/2021,26.880
ES,23/04/2021,21.471
ES,24/04/2021,12.731
ES,25/04/2021,460
ES,26/04/2021,15.586
ES,27/04/2021,15.726
ES,28/04/2021,11.073
ES,29/04/2021,9.518
ES,30/04/2021,7.969
ES,01/05/2021,4.147
ES,02/05/2021,93
ES,03/05/2021,8.370
ES,04/05/2021,10.034
ES,05/05/2021,12.387
ES,06/05/2021,14.460
ES,07/05/2021,16.643
ES,08/05/2021,16.105
ES,09/05/2021,157
ES,10/05/2021,15.003
ES,11/05/2021,22.459
ES,12/05/2021,23.270
ES,13/05/2021,22.422
ES,14/05/2021,22.301
ES,15/05/2021,19.982
ES,16/05/2021,184
ES,17/05/2021,18.835
ES,18/05/2021,29.950
ES,19/05/2021,33.275
ES,20/05/2021,38.403
ES,21/05/2021,38.359
ES,22/05/2021,29.567
ES,23/05/2021,3.828
ES,24/05/2021,18.860
ES,25/05/2021,20.506
ES,26/05/2021,21.738
ES,27/05/2021,24.891
ES,28/05/2021,22.084
ES,29/05/2021,16.191
ES,30/05/2021,1.311
ES,31/05/2021,15.243
ES,01/06/2021,21.054
ES,02/06/2021,30.800
ES,03/06/2021,30.551
ES,04/06/2021,27.279
ES,05/06/2021,15.797
ES,06/06/2021,213
ES,07/06/2021,19.766
ES,08/06/2021,25.030
ES,09/06/2021,27.341
ES,10/06/2021,26.033
ES,11/06/2021,27.313
ES,12/06/2021,32.860
ES,13/06/2021,715
ES,14/06/2021,21.076
ES,15/06/2021,23.451
ES,16/06/2021,21.661
ES,17/06/2021,22.735
ES,18/06/2021,17.258
ES,19/06/2021,37.355
ES,20/06/2021,5.096
ES,21/06/2021,17.009
ES,22/06/2021,25.476
ES,23/06/2021,24.302
ES,24/06/2021,34.367
ES,25/06/2021,23.469
ES,26/06/2021,43.652
ES,27/06/2021,212
ES,28/06/2021,22.186
ES,29/06/2021,30.328
ES,30/06/2021,28.959
ES,01/07/2021,22.450
ES,02/07/2021,26.826
ES,03/07/2021,46.867
ES,04/07/2021,1.669
ES,05/07/2021,22.068
ES,06/07/2021,39.584
ES,07/07/2021,29.472
GO,17/01/2021,39
GO,18/01/2021,131
GO,19/01/2021,2.041
GO,20/01/2021,16.427
GO,21/01/2021,14.293
GO,22/01/2021,8.502
GO,23/01/2021,1.267
GO,24/01/2021,80
GO,25/01/2021,5.100
GO,26/01/2021,8.604
GO,27/01/2021,13.320
GO,28/01/2021,11.854
GO,29/01/2021,10.579
GO,30/01/2021,1.869
GO,31/01/2021,2.943
GO,01/02/2021,6.712
GO,02/02/2021,6.199
GO,03/02/2021,7.429
GO,04/02/2021,12.926
GO,05/02/2021,7.885
GO,06/02/2021,1.622
GO,07/02/2021,2.090
GO,08/02/2021,3.125
GO,09/02/2021,3.810
GO,10/02/2021,13.426
GO,11/02/2021,12.007
GO,12/02/2021,7.791
GO,13/02/2021,1.046
GO,14/02/2021,119
GO,15/02/2021,7.245
GO,16/02/2021,5.632
GO,17/02/2021,14.094
GO,18/02/2021,14.408
GO,19/02/2021,11.235
GO,20/02/2021,1.010
GO,21/02/2021,264
GO,22/02/2021,9.411
GO,23/02/2021,7.100
GO,24/02/2021,9.070
GO,25/02/2021,6.222
GO,26/02/2021,18.072
GO,27/02/2021,8.539
GO,28/02/2021,3.635
GO,01/03/2021,15.501
GO,02/03/2021,13.861
GO,03/03/2021,13.180
GO,04/03/2021,13.661
GO,05/03/2021,13.511
GO,06/03/2021,2.090
GO,07/03/2021,220
GO,08/03/2021,13.586
GO,09/03/2021,7.456
GO,10/03/2021,12.156
GO,11/03/2021,13.960
GO,12/03/2021,12.834
GO,13/03/2021,1.966
GO,14/03/2021,331
GO,15/03/2021,17.029
GO,16/03/2021,11.893
GO,17/03/2021,7.598
GO,18/03/2021,13.061
GO,19/03/2021,17.050
GO,20/03/2021,3.900
GO,21/03/2021,531
GO,22/03/2021,24.226
GO,23/03/2021,35.627
GO,24/03/2021,48.519
GO,25/03/2021,44.905
GO,26/03/2021,27.086
GO,27/03/2021,10.420
GO,28/03/2021,297
GO,29/03/2021,32.320
GO,30/03/2021,40.977
GO,31/03/2021,43.037
GO,01/04/2021,19.182
GO,02/04/2021,2.353
GO,03/04/2021,1.462
GO,04/04/2021,339
GO,05/04/2021,23.725
GO,06/04/2021,13.655
GO,07/04/2021,11.613
GO,08/04/2021,13.784
GO,09/04/2021,17.677
GO,10/04/2021,23.016
GO,11/04/2021,1.006
GO,12/04/2021,24.364
GO,13/04/2021,18.535
GO,14/04/2021,12.697
GO,15/04/2021,12.038
GO,16/04/2021,25.368
GO,17/04/2021,34.966
GO,18/04/2021,3.918
GO,19/04/2021,55.717
GO,20/04/2021,74.096
GO,21/04/2021,23.060
GO,22/04/2021,46.531
GO,23/04/2021,32.923
GO,24/04/2021,26.452
GO,25/04/2021,2.703
GO,26/04/2021,52.402
GO,27/04/2021,49.356
GO,28/04/2021,36.893
GO,29/04/2021,21.495
GO,30/04/2021,29.862
GO,01/05/2021,13.705
GO,02/05/2021,1.703
GO,03/05/2021,35.319
GO,04/05/2021,30.738
GO,05/05/2021,31.700
GO,06/05/2021,30.786
GO,07/05/2021,29.190
GO,08/05/2021,10.815
GO,09/05/2021,158
GO,10/05/2021,24.050
GO,11/05/2021,21.739
GO,12/05/2021,20.994
GO,13/05/2021,21.954
GO,14/05/2021,29.104
GO,15/05/2021,24.882
GO,16/05/2021,1.458
GO,17/05/2021,28.959
GO,18/05/2021,31.182
GO,19/05/2021,27.123
GO,20/05/2021,30.257
GO,21/05/2021,28.437
GO,22/05/2021,7.995
GO,23/05/2021,683
GO,24/05/2021,20.970
GO,25/05/2021,22.975
GO,26/05/2021,24.488
GO,27/05/2021,27.714
GO,28/05/2021,35.068
GO,29/05/2021,19.268
GO,30/05/2021,1.883
GO,31/05/2021,28.486
GO,01/06/2021,42.366
GO,02/06/2021,37.415
GO,03/06/2021,8.908
GO,04/06/2021,23.137
GO,05/06/2021,12.382
GO,06/06/2021,1.548
GO,07/06/2021,50.212
GO,08/06/2021,62.873
GO,09/06/2021,52.565
GO,10/06/2021,56.948
GO,11/06/2021,56.034
GO,12/06/2021,22.342
GO,13/06/2021,1.725
GO,14/06/2021,56.207
GO,15/06/2021,48.690
GO,16/06/2021,29.325
GO,17/06/2021,22.383
GO,18/06/2021,20.037
GO,19/06/2021,17.078
GO,20/06/2021,5.594
GO,21/06/2021,35.802
GO,22/06/2021,41.913
GO,23/06/2021,25.496
GO,24/06/2021,18.346
GO,25/06/2021,31.150
GO,26/06/2021,22.915
GO,27/06/2021,3.732
GO,28/06/2021,50.801
GO,29/06/2021,45.143
GO,30/06/2021,26.468
GO,01/07/2021,15.739
GO,02/07/2021,30.598
GO,03/07/2021,7.856
GO,04/07/2021,2.727
GO,05/07/2021,41.404
GO,06/07/2021,35.344
GO,07/07/2021,24.479
GO,08/07/2021,5
MA,17/01/2021,71
MA,18/01/2021,13
MA,19/01/2021,818
MA,20/01/2021,6.664
MA,21/01/2021,11.015
MA,22/01/2021,9.728
MA,23/01/2021,2.916
MA,24/01/2021,951
MA,25/01/2021,8.715
MA,26/01/2021,9.132
MA,27/01/2021,7.440
MA,28/01/2021,5.847
MA,29/01/2021,5.681
MA,30/01/2021,2.157
MA,31/01/2021,96
MA,01/02/2021,5.588
MA,02/02/2021,5.274
MA,03/02/2021,6.057
MA,04/02/2021,4.728
MA,05/02/2021,3.944
MA,06/02/2021,1.538
MA,07/02/2021,225
MA,08/02/2021,4.049
MA,09/02/2021,4.925
MA,10/02/2021,8.810
MA,11/02/2021,12.375
MA,12/02/2021,11.612
MA,13/02/2021,3.222
MA,14/02/2021,229
MA,15/02/2021,10.942
MA,16/02/2021,8.081
MA,17/02/2021,8.362
MA,18/02/2021,8.849
MA,19/02/2021,7.468
MA,20/02/2021,1.460
MA,21/02/2021,520
MA,22/02/2021,5.458
MA,23/02/2021,5.637
MA,24/02/2021,4.305
MA,25/02/2021,6.104
MA,26/02/2021,5.837
MA,27/02/2021,3.798
MA,28/02/2021,1.195
MA,01/03/2021,7.754
MA,02/03/2021,11.891
MA,03/03/2021,13.483
MA,04/03/2021,14.097
MA,05/03/2021,12.153
MA,06/03/2021,3.312
MA,07/03/2021,1.081
MA,08/03/2021,10.987
MA,09/03/2021,9.482
MA,10/03/2021,12.315
MA,11/03/2021,10.432
MA,12/03/2021,8.015
MA,13/03/2021,1.912
MA,14/03/2021,100
MA,15/03/2021,6.892
MA,16/03/2021,8.050
MA,17/03/2021,11.575
MA,18/03/2021,12.678
MA,19/03/2021,8.575
MA,20/03/2021,2.463
MA,21/03/2021,320
MA,22/03/2021,13.623
MA,23/03/2021,23.361
MA,24/03/2021,22.297
MA,25/03/2021,21.027
MA,26/03/2021,10.515
MA,27/03/2021,9.234
MA,28/03/2021,2.103
MA,29/03/2021,26.801
MA,30/03/2021,37.703
MA,31/03/2021,31.967
MA,01/04/2021,17.997
MA,02/04/2021,3.996
MA,03/04/2021,7.240
MA,04/04/2021,1.358
MA,05/04/2021,27.927
MA,06/04/2021,37.028
MA,07/04/2021,38.944
MA,08/04/2021,40.971
MA,09/04/2021,29.803
MA,10/04/2021,13.422
MA,11/04/2021,5.014
MA,12/04/2021,29.907
MA,13/04/2021,35.109
MA,14/04/2021,41.281
MA,15/04/2021,34.927
MA,16/04/2021,19.514
MA,17/04/2021,6.557
MA,18/04/2021,4.157
MA,19/04/2021,33.514
MA,20/04/2021,45.870
MA,21/04/2021,23.255
MA,22/04/2021,38.181
MA,23/04/2021,20.004
MA,24/04/2021,11.512
MA,25/04/2021,3.051
MA,26/04/2021,39.738
MA,27/04/2021,42.229
MA,28/04/2021,39.292
MA,29/04/2021,32.772
MA,30/04/2021,26.581
MA,01/05/2021,7.556
MA,02/05/2021,2.837
MA,03/05/2021,28.456
MA,04/05/2021,28.343
MA,05/05/2021,30.668
MA,06/05/2021,29.248
MA,07/05/2021,25.883
MA,08/05/2021,10.051
MA,09/05/2021,1.275
MA,10/05/2021,29.081
MA,11/05/2021,29.109
MA,12/05/2021,27.345
MA,13/05/2021,28.134
MA,14/05/2021,19.933
MA,15/05/2021,5.178
MA,16/05/2021,399
MA,17/05/2021,18.608
MA,18/05/2021,20.023
MA,19/05/2021,22.495
MA,20/05/2021,20.615
MA,21/05/2021,16.032
MA,22/05/2021,6.160
MA,23/05/2021,2.312
MA,24/05/2021,16.305
MA,25/05/2021,19.028
MA,26/05/2021,19.876
MA,27/05/2021,19.451
MA,28/05/2021,16.789
MA,29/05/2021,10.716
MA,30/05/2021,6.404
MA,31/05/2021,29.040
MA,01/06/2021,56.198
MA,02/06/2021,51.328
MA,03/06/2021,31.344
MA,04/06/2021,38.438
MA,05/06/2021,20.751
MA,06/06/2021,18.097
MA,07/06/2021,47.127
MA,08/06/2021,54.283
MA,09/06/2021,71.981
MA,10/06/2021,62.462
MA,11/06/2021,47.715
MA,12/06/2021,36.739
MA,13/06/2021,13.673
MA,14/06/2021,55.719
MA,15/06/2021,67.593
MA,16/06/2021,59.919
MA,17/06/2021,55.429
MA,18/06/2021,50.773
MA,19/06/2021,23.768
MA,20/06/2021,13.103
MA,21/06/2021,38.137
MA,22/06/2021,40.511
MA,23/06/2021,39.502
MA,24/06/2021,30.616
MA,25/06/2021,32.217
MA,26/06/2021,14.982
MA,27/06/2021,3.779
MA,28/06/2021,43.524
MA,29/06/2021,43.898
MA,30/06/2021,43.176
MA,01/07/2021,36.118
MA,02/07/2021,23.370
MA,03/07/2021,3.816
MA,04/07/2021,1.595
MA,05/07/2021,16.412
MA,06/07/2021,27.784
MA,07/07/2021,22.069
MG,17/01/2021,58
MG,18/01/2021,68
MG,19/01/2021,4.974
MG,20/01/2021,43.585
MG,21/01/2021,51.640
MG,22/01/2021,29.758
MG,23/01/2021,3.683
MG,24/01/2021,989
MG,25/01/2021,17.195
MG,26/01/2021,12.856
MG,27/01/2021,11.675
MG,28/01/2021,8.469
MG,29/01/2021,7.488
MG,30/01/2021,519
MG,31/01/2021,876
MG,01/02/2021,22.326
MG,02/02/2021,38.924
MG,03/02/2021,40.661
MG,04/02/2021,48.721
MG,05/02/2021,42.212
MG,06/02/2021,5.256
MG,07/02/2021,1.931
MG,08/02/2021,37.564
MG,09/02/2021,36.864
MG,10/02/2021,34.069
MG,11/02/2021,38.395
MG,12/02/2021,45.384
MG,13/02/2021,21.857
MG,14/02/2021,3.720
MG,15/02/2021,32.926
MG,16/02/2021,27.569
MG,17/02/2021,29.148
MG,18/02/2021,33.510
MG,19/02/2021,25.367
MG,20/02/2021,2.629
MG,21/02/2021,255
MG,22/02/2021,19.732
MG,23/02/2021,14.871
MG,24/02/2021,13.467
MG,25/02/2021,13.807
MG,26/02/2021,18.937
MG,27/02/2021,7.093
MG,28/02/2021,3.382
MG,01/03/2021,21.714
MG,02/03/2021,28.767
MG,03/03/2021,55.557
MG,04/03/2021,62.758
MG,05/03/2021,52.900
MG,06/03/2021,20.137
MG,07/03/2021,2.487
MG,08/03/2021,37.219
MG,09/03/2021,47.629
MG,10/03/2021,56.417
MG,11/03/2021,58.934
MG,12/03/2021,38.185
MG,13/03/2021,8.016
MG,14/03/2021,974
MG,15/03/2021,23.876
MG,16/03/2021,54.710
MG,17/03/2021,48.910
MG,18/03/2021,46.186
MG,19/03/2021,36.272
MG,20/03/2021,5.856
MG,21/03/2021,592
MG,22/03/2021,39.226
MG,23/03/2021,83.095
MG,24/03/2021,112.669
MG,25/03/2021,106.847
MG,26/03/2021,120.527
MG,27/03/2021,110.322
MG,28/03/2021,13.307
MG,29/03/2021,128.521
MG,30/03/2021,191.881
MG,31/03/2021,178.791
MG,01/04/2021,123.148
MG,02/04/2021,25.451
MG,03/04/2021,25.148
MG,04/04/2021,7.568
MG,05/04/2021,109.332
MG,06/04/2021,90.953
MG,07/04/2021,116.173
MG,08/04/2021,99.219
MG,09/04/2021,105.160
MG,10/04/2021,45.776
MG,11/04/2021,4.073
MG,12/04/2021,62.802
MG,13/04/2021,74.913
MG,14/04/2021,127.332
MG,15/04/2021,115.311
MG,16/04/2021,85.174
MG,17/04/2021,40.747
MG,18/04/2021,1.524
MG,19/04/2021,72.423
MG,20/04/2021,157.826
MG,21/04/2021,91.367
MG,22/04/2021,175.253
MG,23/04/2021,133.567
MG,24/04/2021,52.954
MG,25/04/2021,8.253
MG,26/04/2021,92.239
MG,27/04/2021,114.015
MG,28/04/2021,167.606
MG,29/04/2021,146.425
MG,30/04/2021,95.211
MG,01/05/2021,20.736
MG,02/05/2021,3.182
MG,03/05/2021,79.668
MG,04/05/2021,82.809
MG,05/05/2021,144.335
MG,06/05/2021,129.389
MG,07/05/2021,104.498
MG,08/05/2021,35.441
MG,09/05/2021,1.683
MG,10/05/2021,76.679
MG,11/05/2021,100.410
MG,12/05/2021,86.535
MG,13/05/2021,88.405
MG,14/05/2021,88.061
MG,15/05/2021,36.115
MG,16/05/2021,5.841
MG,17/05/2021,66.376
MG,18/05/2021,99.662
MG,19/05/2021,104.602
MG,20/05/2021,102.589
MG,21/05/2021,83.822
MG,22/05/2021,25.551
MG,23/05/2021,5.932
MG,24/05/2021,60.724
MG,25/05/2021,79.330
MG,26/05/2021,76.392
MG,27/05/2021,79.129
MG,28/05/2021,63.380
MG,29/05/2021,13.825
MG,30/05/2021,487
MG,31/05/2021,51.254
MG,01/06/2021,94.060
MG,02/06/2021,135.302
MG,03/06/2021,26.562
MG,04/06/2021,55.267
MG,05/06/2021,13.919
MG,06/06/2021,1.635
MG,07/06/2021,88.852
MG,08/06/2021,115.989
MG,09/06/2021,122.513
MG,10/06/2021,110.212
MG,11/06/2021,114.188
MG,12/06/2021,31.543
MG,13/06/2021,2.530
MG,14/06/2021,82.785
MG,15/06/2021,96.093
MG,16/06/2021,115.306
MG,17/06/2021,115.998
MG,18/06/2021,110.591
MG,19/06/2021,43.157
MG,20/06/2021,6.903
MG,21/06/2021,71.969
MG,22/06/2021,83.826
MG,23/06/2021,97.163
MG,24/06/2021,91.514
MG,25/06/2021,88.265
MG,26/06/2021,34.090
MG,27/06/2021,1.834
MG,28/06/2021,77.755
MG,29/06/2021,105.130
MG,30/06/2021,116.252
MG,01/07/2021,84.241
MG,02/07/2021,79.805
MG,03/07/2021,31.346
MG,04/07/2021,4.092
MG,05/07/2021,58.452
MG,06/07/2021,72.032
MG,07/07/2021,61.289
MG,08/07/2021,1
MS,17/01/2021,8
MS,18/01/2021,13
MS,19/01/2021,4.326
MS,20/01/2021,6.794
MS,21/01/2021,6.879
MS,22/01/2021,6.461
MS,23/01/2021,2.835
MS,24/01/2021,2.721
MS,25/01/2021,4.649
MS,26/01/2021,8.093
MS,27/01/2021,6.827
MS,28/01/2021,6.207
MS,29/01/2021,5.481
MS,30/01/2021,2.480
MS,31/01/2021,772
MS,01/02/2021,4.305
MS,02/02/2021,3.986
MS,03/02/2021,4.356
MS,04/02/2021,3.835
MS,05/02/2021,4.013
MS,06/02/2021,1.728
MS,07/02/2021,148
MS,08/02/2021,4.299
MS,09/02/2021,7.233
MS,10/02/2021,9.863
MS,11/02/2021,11.697
MS,12/02/2021,11.304
MS,13/02/2021,2.989
MS,14/02/2021,102
MS,15/02/2021,2.544
MS,16/02/2021,1.843
MS,17/02/2021,3.715
MS,18/02/2021,5.512
MS,19/02/2021,4.532
MS,20/02/2021,1.461
MS,21/02/2021,19
MS,22/02/2021,2.912
MS,23/02/2021,3.756
MS,24/02/2021,3.050
MS,25/02/2021,2.367
MS,26/02/2021,2.499
MS,27/02/2021,4.778
MS,28/02/2021,956
MS,01/03/2021,4.668
MS,02/03/2021,6.532
MS,03/03/2021,6.055
MS,04/03/2021,7.096
MS,05/03/2021,7.330
MS,06/03/2021,2.857
MS,07/03/2021,555
MS,08/03/2021,4.804
MS,09/03/2021,5.785
MS,10/03/2021,5.922
MS,11/03/2021,8.822
MS,12/03/2021,9.821
MS,13/03/2021,3.980
MS,14/03/2021,556
MS,15/03/2021,6.283
MS,16/03/2021,5.015
MS,17/03/2021,5.030
MS,18/03/2021,6.144
MS,19/03/2021,12.585
MS,20/03/2021,6.392
MS,21/03/2021,1.392
MS,22/03/2021,13.650
MS,23/03/2021,19.941
MS,24/03/2021,18.555
MS,25/03/2021,17.536
MS,26/03/2021,8.746
MS,27/03/2021,15.434
MS,28/03/2021,4.182
MS,29/03/2021,10.502
MS,30/03/2021,14.331
MS,31/03/2021,10.433
MS,01/04/2021,5.700
MS,02/04/2021,8.576
MS,03/04/2021,21.130
MS,04/04/2021,4.055
MS,05/04/2021,20.985
MS,06/04/2021,16.925
MS,07/04/2021,13.754
MS,08/04/2021,9.892
MS,09/04/2021,20.555
MS,10/04/2021,10.707
MS,11/04/2021,1.410
MS,12/04/2021,7.164
MS,13/04/2021,8.248
MS,14/04/2021,6.396
MS,15/04/2021,5.456
MS,16/04/2021,13.370
MS,17/04/2021,17.731
MS,18/04/2021,7.015
MS,19/04/2021,15.804
MS,20/04/2021,12.086
MS,21/04/2021,2.640
MS,22/04/2021,8.051
MS,23/04/2021,13.359
MS,24/04/2021,12.417
MS,25/04/2021,4.018
MS,26/04/2021,9.768
MS,27/04/2021,9.425
MS,28/04/2021,5.155
MS,29/04/2021,6.174
MS,30/04/2021,12.942
MS,01/05/2021,11.027
MS,02/05/2021,7.671
MS,03/05/2021,16.658
MS,04/05/2021,23.489
MS,05/05/2021,22.147
MS,06/05/2021,20.492
MS,07/05/2021,17.556
MS,08/05/2021,8.443
MS,09/05/2021,4.663
MS,10/05/2021,12.541
MS,11/05/2021,12.824
MS,12/05/2021,11.264
MS,13/05/2021,9.315
MS,14/05/2021,12.339
MS,15/05/2021,17.382
MS,16/05/2021,7.685
MS,17/05/2021,12.487
MS,18/05/2021,27.119
MS,19/05/2021,31.201
MS,20/05/2021,23.101
MS,21/05/2021,15.555
MS,22/05/2021,6.031
MS,23/05/2021,1.603
MS,24/05/2021,6.583
MS,25/05/2021,12.681
MS,26/05/2021,9.258
MS,27/05/2021,19.715
MS,28/05/2021,22.959
MS,29/05/2021,17.596
MS,30/05/2021,6.480
MS,31/05/2021,15.704
MS,01/06/2021,10.222
MS,02/06/2021,18.147
MS,03/06/2021,27.132
MS,04/06/2021,25.937
MS,05/06/2021,12.558
MS,06/06/2021,3.088
MS,07/06/2021,13.846
MS,08/06/2021,15.728
MS,09/06/2021,10.483
MS,10/06/2021,25.077
MS,11/06/2021,25.052
MS,12/06/2021,7.594
MS,13/06/2021,1.512
MS,14/06/2021,7.804
MS,15/06/2021,4.838
MS,16/06/2021,4.435
MS,17/06/2021,2.327
MS,18/06/2021,12.053
MS,19/06/2021,22.871
MS,20/06/2021,7.445
MS,21/06/2021,16.983
MS,22/06/2021,18.240
MS,23/06/2021,11.354
MS,24/06/2021,13.273
MS,25/06/2021,27.142
MS,26/06/2021,31.759
MS,27/06/2021,4.157
MS,28/06/2021,11.446
MS,29/06/2021,10.133
MS,30/06/2021,8.041
MS,01/07/2021,18.170
MS,02/07/2021,51.547
MS,03/07/2021,34.783
MS,04/07/2021,12.712
MS,05/07/2021,19.719
MS,06/07/2021,29.063
MS,07/07/2021,7.174
MT,17/01/2021,4
MT,18/01/2021,11
MT,19/01/2021,266
MT,20/01/2021,1.755
MT,21/01/2021,7.021
MT,22/01/2021,8.909
MT,23/01/2021,3.560
MT,24/01/2021,1.186
MT,25/01/2021,3.394
MT,26/01/2021,2.626
MT,27/01/2021,4.147
MT,28/01/2021,6.431
MT,29/01/2021,5.662
MT,30/01/2021,2.314
MT,31/01/2021,1.522
MT,01/02/2021,4.294
MT,02/02/2021,5.069
MT,03/02/2021,4.355
MT,04/02/2021,5.010
MT,05/02/2021,4.980
MT,06/02/2021,1.646
MT,07/02/2021,811
MT,08/02/2021,2.293
MT,09/02/2021,2.458
MT,10/02/2021,4.109
MT,11/02/2021,5.611
MT,12/02/2021,7.514
MT,13/02/2021,5.760
MT,14/02/2021,2.249
MT,15/02/2021,5.360
MT,16/02/2021,4.493
MT,17/02/2021,4.536
MT,18/02/2021,4.591
MT,19/02/2021,3.397
MT,20/02/2021,2.104
MT,21/02/2021,476
MT,22/02/2021,2.255
MT,23/02/2021,2.381
MT,24/02/2021,2.235
MT,25/02/2021,2.317
MT,26/02/2021,2.133
MT,27/02/2021,293
MT,28/02/2021,263
MT,01/03/2021,1.591
MT,02/03/2021,2.964
MT,03/03/2021,3.801
MT,04/03/2021,5.549
MT,05/03/2021,5.767
MT,06/03/2021,3.529
MT,07/03/2021,242
MT,08/03/2021,4.813
MT,09/03/2021,5.581
MT,10/03/2021,4.451
MT,11/03/2021,4.319
MT,12/03/2021,5.446
MT,13/03/2021,1.924
MT,14/03/2021,87
MT,15/03/2021,4.964
MT,16/03/2021,4.672
MT,17/03/2021,4.788
MT,18/03/2021,4.263
MT,19/03/2021,3.585
MT,20/03/2021,3.428
MT,21/03/2021,187
MT,22/03/2021,4.758
MT,23/03/2021,7.277
MT,24/03/2021,6.345
MT,25/03/2021,7.650
MT,26/03/2021,8.513
MT,27/03/2021,10.467
MT,28/03/2021,160
MT,29/03/2021,5.552
MT,30/03/2021,12.738
MT,31/03/2021,15.456
MT,01/04/2021,14.982
MT,02/04/2021,211
MT,03/04/2021,4.470
MT,04/04/2021,556
MT,05/04/2021,10.774
MT,06/04/2021,11.589
MT,07/04/2021,14.002
MT,08/04/2021,15.223
MT,09/04/2021,14.740
MT,10/04/2021,10.546
MT,11/04/2021,638
MT,12/04/2021,9.103
MT,13/04/2021,14.645
MT,14/04/2021,15.296
MT,15/04/2021,14.318
MT,16/04/2021,14.170
MT,17/04/2021,7.920
MT,18/04/2021,193
MT,19/04/2021,11.730
MT,20/04/2021,19.346
MT,21/04/2021,13.118
MT,22/04/2021,19.053
MT,23/04/2021,18.496
MT,24/04/2021,12.694
MT,25/04/2021,81
MT,26/04/2021,13.799
MT,27/04/2021,18.144
MT,28/04/2021,15.663
MT,29/04/2021,18.007
MT,30/04/2021,13.694
MT,01/05/2021,6.899
MT,02/05/2021,76
MT,03/05/2021,12.441
MT,04/05/2021,12.791
MT,05/05/2021,13.332
MT,06/05/2021,12.239
MT,07/05/2021,15.670
MT,08/05/2021,5.845
MT,09/05/2021,31
MT,10/05/2021,11.633
MT,11/05/2021,13.825
MT,12/05/2021,16.466
MT,13/05/2021,13.563
MT,14/05/2021,12.584
MT,15/05/2021,7.218
MT,16/05/2021,3.044
MT,17/05/2021,9.841
MT,18/05/2021,15.203
MT,19/05/2021,12.927
MT,20/05/2021,14.819
MT,21/05/2021,13.261
MT,22/05/2021,5.702
MT,23/05/2021,147
MT,24/05/2021,10.266
MT,25/05/2021,11.179
MT,26/05/2021,11.162
MT,27/05/2021,11.377
MT,28/05/2021,10.136
MT,29/05/2021,4.041
MT,30/05/2021,192
MT,31/05/2021,8.706
MT,01/06/2021,12.814
MT,02/06/2021,15.551
MT,03/06/2021,5.886
MT,04/06/2021,6.465
MT,05/06/2021,6.360
MT,06/06/2021,138
MT,07/06/2021,11.442
MT,08/06/2021,16.888
MT,09/06/2021,19.211
MT,10/06/2021,18.115
MT,11/06/2021,17.224
MT,12/06/2021,13.220
MT,13/06/2021,126
MT,14/06/2021,14.678
MT,15/06/2021,16.310
MT,16/06/2021,17.758
MT,17/06/2021,20.785
MT,18/06/2021,17.810
MT,19/06/2021,9.724
MT,20/06/2021,62
MT,21/06/2021,13.736
MT,22/06/2021,18.423
MT,23/06/2021,15.902
MT,24/06/2021,16.300
MT,25/06/2021,17.053
MT,26/06/2021,13.238
MT,27/06/2021,161
MT,28/06/2021,16.428
MT,29/06/2021,20.057
MT,30/06/2021,20.413
MT,01/07/2021,20.467
MT,02/07/2021,19.060
MT,03/07/2021,7.432
MT,04/07/2021,15
MT,05/07/2021,14.680
MT,06/07/2021,15.967
MT,07/07/2021,17.351
PA,17/01/2021,24
PA,18/01/2021,35
PA,19/01/2021,3.658
PA,20/01/2021,10.889
PA,21/01/2021,9.078
PA,22/01/2021,8.199
PA,23/01/2021,2.434
PA,24/01/2021,729
PA,25/01/2021,4.313
PA,26/01/2021,4.048
PA,27/01/2021,7.041
PA,28/01/2021,7.339
PA,29/01/2021,6.903
PA,30/01/2021,998
PA,31/01/2021,438
PA,01/02/2021,5.653
PA,02/02/2021,4.906
PA,03/02/2021,9.763
PA,04/02/2021,7.821
PA,05/02/2021,7.106
PA,06/02/2021,2.634
PA,07/02/2021,1.165
PA,08/02/2021,3.317
PA,09/02/2021,3.060
PA,10/02/2021,8.168
PA,11/02/2021,10.202
PA,12/02/2021,9.303
PA,13/02/2021,3.064
PA,14/02/2021,1.276
PA,15/02/2021,7.886
PA,16/02/2021,5.541
PA,17/02/2021,8.919
PA,18/02/2021,9.512
PA,19/02/2021,8.511
PA,20/02/2021,1.903
PA,21/02/2021,703
PA,22/02/2021,4.858
PA,23/02/2021,7.048
PA,24/02/2021,7.461
PA,25/02/2021,6.818
PA,26/02/2021,5.635
PA,27/02/2021,2.257
PA,28/02/2021,1.167
PA,01/03/2021,6.808
PA,02/03/2021,16.945
PA,03/03/2021,14.722
PA,04/03/2021,11.260
PA,05/03/2021,20.030
PA,06/03/2021,23.710
PA,07/03/2021,13.143
PA,08/03/2021,21.766
PA,09/03/2021,6.338
PA,10/03/2021,10.210
PA,11/03/2021,8.241
PA,12/03/2021,5.845
PA,13/03/2021,2.163
PA,14/03/2021,307
PA,15/03/2021,5.218
PA,16/03/2021,9.285
PA,17/03/2021,4.510
PA,18/03/2021,4.273
PA,19/03/2021,14.022
PA,20/03/2021,24.291
PA,21/03/2021,10.534
PA,22/03/2021,13.208
PA,23/03/2021,33.038
PA,24/03/2021,45.938
PA,25/03/2021,47.321
PA,26/03/2021,46.235
PA,27/03/2021,30.236
PA,28/03/2021,22.220
PA,29/03/2021,43.342
PA,30/03/2021,62.574
PA,31/03/2021,46.145
PA,01/04/2021,36.591
PA,02/04/2021,2.046
PA,03/04/2021,4.429
PA,04/04/2021,737
PA,05/04/2021,19.941
PA,06/04/2021,21.839
PA,07/04/2021,18.296
PA,08/04/2021,18.146
PA,09/04/2021,15.920
PA,10/04/2021,6.597
PA,11/04/2021,1.780
PA,12/04/2021,18.111
PA,13/04/2021,21.707
PA,14/04/2021,15.373
PA,15/04/2021,21.076
PA,16/04/2021,24.545
PA,17/04/2021,8.745
PA,18/04/2021,732
PA,19/04/2021,28.291
PA,20/04/2021,39.337
PA,21/04/2021,23.143
PA,22/04/2021,35.626
PA,23/04/2021,15.816
PA,24/04/2021,6.632
PA,25/04/2021,2.553
PA,26/04/2021,18.434
PA,27/04/2021,19.455
PA,28/04/2021,23.003
PA,29/04/2021,19.300
PA,30/04/2021,15.732
PA,01/05/2021,6.666
PA,02/05/2021,1.334
PA,03/05/2021,12.179
PA,04/05/2021,13.703
PA,05/05/2021,19.073
PA,06/05/2021,20.859
PA,07/05/2021,18.741
PA,08/05/2021,7.595
PA,09/05/2021,386
PA,10/05/2021,18.457
PA,11/05/2021,24.856
PA,12/05/2021,18.752
PA,13/05/2021,26.690
PA,14/05/2021,24.009
PA,15/05/2021,12.257
PA,16/05/2021,12.893
PA,17/05/2021,13.969
PA,18/05/2021,20.549
PA,19/05/2021,24.133
PA,20/05/2021,26.807
PA,21/05/2021,25.726
PA,22/05/2021,11.532
PA,23/05/2021,2.827
PA,24/05/2021,25.815
PA,25/05/2021,38.937
PA,26/05/2021,36.777
PA,27/05/2021,36.150
PA,28/05/2021,32.264
PA,29/05/2021,17.958
PA,30/05/2021,1.334
PA,31/05/2021,24.642
PA,01/06/2021,32.642
PA,02/06/2021,35.982
PA,03/06/2021,12.531
PA,04/06/2021,18.541
PA,05/06/2021,5.759
PA,06/06/2021,1.600
PA,07/06/2021,26.711
PA,08/06/2021,25.557
PA,09/06/2021,33.908
PA,10/06/2021,35.995
PA,11/06/2021,36.376
PA,12/06/2021,14.018
PA,13/06/2021,4.181
PA,14/06/2021,39.551
PA,15/06/2021,56.389
PA,16/06/2021,73.702
PA,17/06/2021,73.475
PA,18/06/2021,66.020
PA,19/06/2021,46.424
PA,20/06/2021,31.678
PA,21/06/2021,32.262
PA,22/06/2021,69.041
PA,23/06/2021,29.759
PA,24/06/2021,24.336
PA,25/06/2021,28.638
PA,26/06/2021,37.687
PA,27/06/2021,9.948
PA,28/06/2021,23.481
PA,29/06/2021,55.200
PA,30/06/2021,33.068
PA,01/07/2021,28.752
PA,02/07/2021,39.409
PA,03/07/2021,8.552
PA,04/07/2021,196
PA,05/07/2021,29.438
PA,06/07/2021,13.625
PA,07/07/2021,10.958
PA,08/07/2021,1
PB,17/01/2021,3
PB,18/01/2021,21
PB,19/01/2021,2.485
PB,20/01/2021,11.764
PB,21/01/2021,9.562
PB,22/01/2021,3.515
PB,23/01/2021,443
PB,24/01/2021,51
PB,25/01/2021,3.809
PB,26/01/2021,7.086
PB,27/01/2021,6.068
PB,28/01/2021,10.232
PB,29/01/2021,6.078
PB,30/01/2021,440
PB,31/01/2021,11
PB,01/02/2021,5.700
PB,02/02/2021,4.368
PB,03/02/2021,3.190
PB,04/02/2021,3.112
PB,05/02/2021,2.115
PB,06/02/2021,899
PB,07/02/2021,1.092
PB,08/02/2021,1.772
PB,09/02/2021,4.798
PB,10/02/2021,7.870
PB,11/02/2021,7.904
PB,12/02/2021,7.095
PB,13/02/2021,432
PB,14/02/2021,245
PB,15/02/2021,2.854
PB,16/02/2021,6.596
PB,17/02/2021,10.131
PB,18/02/2021,6.264
PB,19/02/2021,5.041
PB,20/02/2021,625
PB,21/02/2021,100
PB,22/02/2021,5.093
PB,23/02/2021,4.678
PB,24/02/2021,4.628
PB,25/02/2021,3.713
PB,26/02/2021,2.583
PB,27/02/2021,2.400
PB,28/02/2021,1.059
PB,01/03/2021,6.897
PB,02/03/2021,11.432
PB,03/03/2021,13.072
PB,04/03/2021,12.497
PB,05/03/2021,13.718
PB,06/03/2021,2.181
PB,07/03/2021,165
PB,08/03/2021,13.092
PB,09/03/2021,13.513
PB,10/03/2021,16.445
PB,11/03/2021,15.327
PB,12/03/2021,14.135
PB,13/03/2021,4.148
PB,14/03/2021,3.183
PB,15/03/2021,11.785
PB,16/03/2021,10.218
PB,17/03/2021,11.754
PB,18/03/2021,8.363
PB,19/03/2021,10.328
PB,20/03/2021,6.306
PB,21/03/2021,5.227
PB,22/03/2021,24.756
PB,23/03/2021,39.864
PB,24/03/2021,28.841
PB,25/03/2021,24.472
PB,26/03/2021,20.239
PB,27/03/2021,20.521
PB,28/03/2021,8.898
PB,29/03/2021,24.001
PB,30/03/2021,23.212
PB,31/03/2021,16.710
PB,01/04/2021,4.744
PB,02/04/2021,1.415
PB,03/04/2021,20.464
PB,04/04/2021,4.838
PB,05/04/2021,16.587
PB,06/04/2021,26.732
PB,07/04/2021,25.429
PB,08/04/2021,23.007
PB,09/04/2021,17.183
PB,10/04/2021,10.543
PB,11/04/2021,377
PB,12/04/2021,16.847
PB,13/04/2021,16.682
PB,14/04/2021,13.649
PB,15/04/2021,8.550
PB,16/04/2021,11.341
PB,17/04/2021,9.696
PB,18/04/2021,1.330
PB,19/04/2021,24.283
PB,20/04/2021,30.857
PB,21/04/2021,11.475
PB,22/04/2021,22.061
PB,23/04/2021,15.449
PB,24/04/2021,9.651
PB,25/04/2021,22.485
PB,26/04/2021,20.569
PB,27/04/2021,23.743
PB,28/04/2021,14.004
PB,29/04/2021,15.474
PB,30/04/2021,18.495
PB,01/05/2021,9.809
PB,02/05/2021,1.820
PB,03/05/2021,17.804
PB,04/05/2021,18.285
PB,05/05/2021,21.628
PB,06/05/2021,16.656
PB,07/05/2021,13.740
PB,08/05/2021,4.491
PB,09/05/2021,217
PB,10/05/2021,14.718
PB,11/05/2021,14.251
PB,12/05/2021,16.948
PB,13/05/2021,14.174
PB,14/05/2021,10.231
PB,15/05/2021,3.339
PB,16/05/2021,4.526
PB,17/05/2021,8.830
PB,18/05/2021,14.598
PB,19/05/2021,21.077
PB,20/05/2021,24.361
PB,21/05/2021,13.630
PB,22/05/2021,4.461
PB,23/05/2021,440
PB,24/05/2021,7.742
PB,25/05/2021,9.148
PB,26/05/2021,9.286
PB,27/05/2021,9.214
PB,28/05/2021,13.971
PB,29/05/2021,4.509
PB,30/05/2021,3.231
PB,31/05/2021,13.684
PB,01/06/2021,17.455
PB,02/06/2021,19.680
PB,03/06/2021,19.105
PB,04/06/2021,25.729
PB,05/06/2021,8.898
PB,06/06/2021,568
PB,07/06/2021,24.064
PB,08/06/2021,21.388
PB,09/06/2021,25.987
PB,10/06/2021,30.450
PB,11/06/2021,26.555
PB,12/06/2021,5.222
PB,13/06/2021,1.571
PB,14/06/2021,17.769
PB,15/06/2021,16.772
PB,16/06/2021,16.118
PB,17/06/2021,12.724
PB,18/06/2021,10.352
PB,19/06/2021,7.307
PB,20/06/2021,4.634
PB,21/06/2021,17.196
PB,22/06/2021,18.023
PB,23/06/2021,9.701
PB,24/06/2021,3.471
PB,25/06/2021,22.694
PB,26/06/2021,16.526
PB,27/06/2021,2.243
PB,28/06/2021,19.312
PB,29/06/2021,14.769
PB,30/06/2021,15.341
PB,01/07/2021,18.422
PB,02/07/2021,19.165
PB,03/07/2021,8.297
PB,04/07/2021,11.260
PB,05/07/2021,21.772
PB,06/07/2021,13.679
PB,07/07/2021,4.626
PE,17/01/2021,17
PE,18/01/2021,34
PE,19/01/2021,3.061
PE,20/01/2021,11.301
PE,21/01/2021,14.223
PE,22/01/2021,10.994
PE,23/01/2021,2.674
PE,24/01/2021,1.331
PE,25/01/2021,8.253
PE,26/01/2021,8.712
PE,27/01/2021,12.787
PE,28/01/2021,21.343
PE,29/01/2021,19.117
PE,30/01/2021,4.929
PE,31/01/2021,2.316
PE,01/02/2021,13.729
PE,02/02/2021,12.930
PE,03/02/2021,13.673
PE,04/02/2021,12.334
PE,05/02/2021,10.785
PE,06/02/2021,1.784
PE,07/02/2021,534
PE,08/02/2021,9.361
PE,09/02/2021,12.671
PE,10/02/2021,16.686
PE,11/02/2021,18.656
PE,12/02/2021,14.070
PE,13/02/2021,3.060
PE,14/02/2021,3.645
PE,15/02/2021,12.021
PE,16/02/2021,10.802
PE,17/02/2021,11.378
PE,18/02/2021,15.379
PE,19/02/2021,12.255
PE,20/02/2021,2.293
PE,21/02/2021,2.348
PE,22/02/2021,10.990
PE,23/02/2021,11.174
PE,24/02/2021,8.845
PE,25/02/2021,10.620
PE,26/02/2021,16.524
PE,27/02/2021,6.631
PE,28/02/2021,5.365
PE,01/03/2021,17.469
PE,02/03/2021,21.084
PE,03/03/2021,20.563
PE,04/03/2021,20.060
PE,05/03/2021,19.386
PE,06/03/2021,9.119
PE,07/03/2021,6.918
PE,08/03/2021,16.210
PE,09/03/2021,16.048
PE,10/03/2021,15.016
PE,11/03/2021,17.826
PE,12/03/2021,17.292
PE,13/03/2021,7.993
PE,14/03/2021,6.622
PE,15/03/2021,17.218
PE,16/03/2021,16.449
PE,17/03/2021,14.295
PE,18/03/2021,22.006
PE,19/03/2021,19.743
PE,20/03/2021,10.008
PE,21/03/2021,4.046
PE,22/03/2021,35.111
PE,23/03/2021,43.776
PE,24/03/2021,48.918
PE,25/03/2021,45.736
PE,26/03/2021,39.591
PE,27/03/2021,21.483
PE,28/03/2021,10.573
PE,29/03/2021,52.779
PE,30/03/2021,57.918
PE,31/03/2021,45.201
PE,01/04/2021,22.094
PE,02/04/2021,10.694
PE,03/04/2021,15.369
PE,04/04/2021,9.355
PE,05/04/2021,41.981
PE,06/04/2021,41.606
PE,07/04/2021,38.501
PE,08/04/2021,38.999
PE,09/04/2021,33.129
PE,10/04/2021,18.425
PE,11/04/2021,7.621
PE,12/04/2021,36.902
PE,13/04/2021,37.913
PE,14/04/2021,33.720
PE,15/04/2021,35.349
PE,16/04/2021,31.820
PE,17/04/2021,18.230
PE,18/04/2021,7.969
PE,19/04/2021,53.844
PE,20/04/2021,64.378
PE,21/04/2021,20.669
PE,22/04/2021,57.288
PE,23/04/2021,41.206
PE,24/04/2021,17.678
PE,25/04/2021,9.140
PE,26/04/2021,42.811
PE,27/04/2021,47.633
PE,28/04/2021,39.828
PE,29/04/2021,30.713
PE,30/04/2021,24.696
PE,01/05/2021,9.629
PE,02/05/2021,6.237
PE,03/05/2021,26.966
PE,04/05/2021,30.359
PE,05/05/2021,27.416
PE,06/05/2021,26.871
PE,07/05/2021,24.879
PE,08/05/2021,12.257
PE,09/05/2021,4.687
PE,10/05/2021,27.426
PE,11/05/2021,29.108
PE,12/05/2021,28.190
PE,13/05/2021,20.409
PE,14/05/2021,23.378
PE,15/05/2021,17.218
PE,16/05/2021,9.695
PE,17/05/2021,29.194
PE,18/05/2021,28.316
PE,19/05/2021,24.591
PE,20/05/2021,28.510
PE,21/05/2021,28.135
PE,22/05/2021,15.941
PE,23/05/2021,7.584
PE,24/05/2021,26.850
PE,25/05/2021,31.305
PE,26/05/2021,33.067
PE,27/05/2021,31.604
PE,28/05/2021,32.024
PE,29/05/2021,15.086
PE,30/05/2021,7.499
PE,31/05/2021,32.480
PE,01/06/2021,48.038
PE,02/06/2021,56.919
PE,03/06/2021,25.943
PE,04/06/2021,41.647
PE,05/06/2021,23.605
PE,06/06/2021,5.452
PE,07/06/2021,54.546
PE,08/06/2021,55.090
PE,09/06/2021,54.905
PE,10/06/2021,51.268
PE,11/06/2021,49.211
PE,12/06/2021,20.516
PE,13/06/2021,7.320
PE,14/06/2021,53.828
PE,15/06/2021,59.337
PE,16/06/2021,52.176
PE,17/06/2021,46.174
PE,18/06/2021,38.690
PE,19/06/2021,33.903
PE,20/06/2021,8.971
PE,21/06/2021,36.928
PE,22/06/2021,34.158
PE,23/06/2021,26.450
PE,24/06/2021,5.173
PE,25/06/2021,17.539
PE,26/06/2021,16.584
PE,27/06/2021,5.823
PE,28/06/2021,38.218
PE,29/06/2021,37.305
PE,30/06/2021,32.450
PE,01/07/2021,27.843
PE,02/07/2021,28.490
PE,03/07/2021,15.886
PE,04/07/2021,3.247
PE,05/07/2021,26.118
PE,06/07/2021,33.588
PE,07/07/2021,19.840
PI,17/01/2021,18
PI,18/01/2021,15
PI,19/01/2021,949
PI,20/01/2021,4.676
PI,21/01/2021,4.797
PI,22/01/2021,3.389
PI,23/01/2021,240
PI,24/01/2021,131
PI,25/01/2021,3.033
PI,26/01/2021,4.670
PI,27/01/2021,6.305
PI,28/01/2021,6.176
PI,29/01/2021,4.618
PI,30/01/2021,267
PI,31/01/2021,13
PI,01/02/2021,3.362
PI,02/02/2021,2.359
PI,03/02/2021,2.341
PI,04/02/2021,1.808
PI,05/02/2021,1.450
PI,06/02/2021,31
PI,07/02/2021,6
PI,08/02/2021,1.231
PI,09/02/2021,3.088
PI,10/02/2021,3.365
PI,11/02/2021,4.521
PI,12/02/2021,4.548
PI,13/02/2021,282
PI,14/02/2021,36
PI,15/02/2021,2.886
PI,16/02/2021,2.438
PI,17/02/2021,4.134
PI,18/02/2021,6.076
PI,19/02/2021,3.854
PI,20/02/2021,138
PI,21/02/2021,13
PI,22/02/2021,2.818
PI,23/02/2021,2.472
PI,24/02/2021,2.132
PI,25/02/2021,2.123
PI,26/02/2021,2.838
PI,27/02/2021,2.180
PI,28/02/2021,1.028
PI,01/03/2021,3.422
PI,02/03/2021,4.837
PI,03/03/2021,5.295
PI,04/03/2021,4.782
PI,05/03/2021,6.308
PI,06/03/2021,4.339
PI,07/03/2021,96
PI,08/03/2021,5.566
PI,09/03/2021,7.080
PI,10/03/2021,6.537
PI,11/03/2021,5.990
PI,12/03/2021,6.750
PI,13/03/2021,1.710
PI,14/03/2021,167
PI,15/03/2021,4.304
PI,16/03/2021,5.564
PI,17/03/2021,5.032
PI,18/03/2021,2.061
PI,19/03/2021,4.888
PI,20/03/2021,4.171
PI,21/03/2021,421
PI,22/03/2021,6.520
PI,23/03/2021,15.900
PI,24/03/2021,19.859
PI,25/03/2021,26.277
PI,26/03/2021,13.692
PI,27/03/2021,6.868
PI,28/03/2021,549
PI,29/03/2021,20.229
PI,30/03/2021,27.032
PI,31/03/2021,20.099
PI,01/04/2021,10.262
PI,02/04/2021,239
PI,03/04/2021,2.515
PI,04/04/2021,1.673
PI,05/04/2021,10.013
PI,06/04/2021,12.434
PI,07/04/2021,13.826
PI,08/04/2021,9.956
PI,09/04/2021,9.548
PI,10/04/2021,1.366
PI,11/04/2021,5.515
PI,12/04/2021,8.049
PI,13/04/2021,12.946
PI,14/04/2021,12.224
PI,15/04/2021,13.093
PI,16/04/2021,10.215
PI,17/04/2021,9.229
PI,18/04/2021,6.247
PI,19/04/2021,16.031
PI,20/04/2021,25.878
PI,21/04/2021,13.006
PI,22/04/2021,22.909
PI,23/04/2021,15.692
PI,24/04/2021,7.087
PI,25/04/2021,631
PI,26/04/2021,17.823
PI,27/04/2021,23.027
PI,28/04/2021,20.361
PI,29/04/2021,13.467
PI,30/04/2021,6.894
PI,01/05/2021,1.276
PI,02/05/2021,6.252
PI,03/05/2021,15.049
PI,04/05/2021,21.262
PI,05/05/2021,24.447
PI,06/05/2021,13.794
PI,07/05/2021,12.450
PI,08/05/2021,3.463
PI,09/05/2021,952
PI,10/05/2021,8.452
PI,11/05/2021,11.048
PI,12/05/2021,11.010
PI,13/05/2021,11.202
PI,14/05/2021,8.167
PI,15/05/2021,7.764
PI,16/05/2021,1.098
PI,17/05/2021,8.963
PI,18/05/2021,13.446
PI,19/05/2021,12.981
PI,20/05/2021,11.579
PI,21/05/2021,11.234
PI,22/05/2021,4.169
PI,23/05/2021,2.204
PI,24/05/2021,8.382
PI,25/05/2021,10.290
PI,26/05/2021,10.830
PI,27/05/2021,9.698
PI,28/05/2021,10.273
PI,29/05/2021,1.397
PI,30/05/2021,794
PI,31/05/2021,8.567
PI,01/06/2021,12.796
PI,02/06/2021,14.095
PI,03/06/2021,10.981
PI,04/06/2021,10.897
PI,05/06/2021,9.873
PI,06/06/2021,441
PI,07/06/2021,17.667
PI,08/06/2021,18.558
PI,09/06/2021,20.424
PI,10/06/2021,20.781
PI,11/06/2021,20.210
PI,12/06/2021,13.383
PI,13/06/2021,568
PI,14/06/2021,18.796
PI,15/06/2021,26.488
PI,16/06/2021,20.989
PI,17/06/2021,20.622
PI,18/06/2021,16.381
PI,19/06/2021,6.010
PI,20/06/2021,1.600
PI,21/06/2021,11.474
PI,22/06/2021,19.989
PI,23/06/2021,23.352
PI,24/06/2021,20.412
PI,25/06/2021,13.276
PI,26/06/2021,3.546
PI,27/06/2021,1.773
PI,28/06/2021,14.133
PI,29/06/2021,22.074
PI,30/06/2021,20.843
PI,01/07/2021,22.338
PI,02/07/2021,13.539
PI,03/07/2021,2.409
PI,04/07/2021,4.841
PI,05/07/2021,11.749
PI,06/07/2021,17.976
PI,07/07/2021,9.641
PR,17/01/2021,12
PR,18/01/2021,30
PR,19/01/2021,2.000
PR,20/01/2021,25.480
PR,21/01/2021,23.027
PR,22/01/2021,13.596
PR,23/01/2021,2.509
PR,24/01/2021,970
PR,25/01/2021,17.210
PR,26/01/2021,18.982
PR,27/01/2021,16.462
PR,28/01/2021,15.443
PR,29/01/2021,14.290
PR,30/01/2021,4.380
PR,31/01/2021,643
PR,01/02/2021,7.979
PR,02/02/2021,8.024
PR,03/02/2021,8.573
PR,04/02/2021,7.418
PR,05/02/2021,7.534
PR,06/02/2021,2.430
PR,07/02/2021,7
PR,08/02/2021,4.940
PR,09/02/2021,10.606
PR,10/02/2021,12.548
PR,11/02/2021,11.574
PR,12/02/2021,17.890
PR,13/02/2021,6.465
PR,14/02/2021,354
PR,15/02/2021,16.449
PR,16/02/2021,11.291
PR,17/02/2021,22.452
PR,18/02/2021,22.296
PR,19/02/2021,19.294
PR,20/02/2021,2.131
PR,21/02/2021,74
PR,22/02/2021,11.606
PR,23/02/2021,10.443
PR,24/02/2021,8.044
PR,25/02/2021,6.434
PR,26/02/2021,13.310
PR,27/02/2021,7.852
PR,28/02/2021,1.968
PR,01/03/2021,22.529
PR,02/03/2021,25.798
PR,03/03/2021,24.166
PR,04/03/2021,20.932
PR,05/03/2021,24.240
PR,06/03/2021,13.421
PR,07/03/2021,1.426
PR,08/03/2021,29.355
PR,09/03/2021,24.961
PR,10/03/2021,19.374
PR,11/03/2021,17.601
PR,12/03/2021,29.611
PR,13/03/2021,9.554
PR,14/03/2021,1.658
PR,15/03/2021,26.388
PR,16/03/2021,22.619
PR,17/03/2021,15.095
PR,18/03/2021,13.716
PR,19/03/2021,24.329
PR,20/03/2021,21.495
PR,21/03/2021,1.838
PR,22/03/2021,30.458
PR,23/03/2021,38.712
PR,24/03/2021,63.035
PR,25/03/2021,73.165
PR,26/03/2021,62.115
PR,27/03/2021,84.011
PR,28/03/2021,45.561
PR,29/03/2021,75.537
PR,30/03/2021,80.060
PR,31/03/2021,55.185
PR,01/04/2021,43.410
PR,02/04/2021,8.825
PR,03/04/2021,19.762
PR,04/04/2021,1.662
PR,05/04/2021,31.670
PR,06/04/2021,32.486
PR,07/04/2021,23.630
PR,08/04/2021,19.022
PR,09/04/2021,33.121
PR,10/04/2021,38.807
PR,11/04/2021,8.285
PR,12/04/2021,45.262
PR,13/04/2021,39.114
PR,14/04/2021,34.427
PR,15/04/2021,33.909
PR,16/04/2021,51.252
PR,17/04/2021,62.877
PR,18/04/2021,26.889
PR,19/04/2021,113.746
PR,20/04/2021,111.254
PR,21/04/2021,32.434
PR,22/04/2021,176.401
PR,23/04/2021,102.169
PR,24/04/2021,60.835
PR,25/04/2021,29.386
PR,26/04/2021,105.294
PR,27/04/2021,75.168
PR,28/04/2021,45.413
PR,29/04/2021,35.385
PR,30/04/2021,29.884
PR,01/05/2021,27.474
PR,02/05/2021,25.754
PR,03/05/2021,71.638
PR,04/05/2021,68.852
PR,05/05/2021,57.179
PR,06/05/2021,32.373
PR,07/05/2021,35.753
PR,08/05/2021,18.294
PR,09/05/2021,305
PR,10/05/2021,30.851
PR,11/05/2021,31.021
PR,12/05/2021,28.744
PR,13/05/2021,42.355
PR,14/05/2021,39.619
PR,15/05/2021,13.709
PR,16/05/2021,628
PR,17/05/2021,35.030
PR,18/05/2021,33.976
PR,19/05/2021,44.361
PR,20/05/2021,53.761
PR,21/05/2021,49.253
PR,22/05/2021,15.294
PR,23/05/2021,2.032
PR,24/05/2021,42.207
PR,25/05/2021,51.952
PR,26/05/2021,44.337
PR,27/05/2021,49.221
PR,28/05/2021,43.757
PR,29/05/2021,16.295
PR,30/05/2021,4.412
PR,31/05/2021,49.752
PR,01/06/2021,67.392
PR,02/06/2021,75.991
PR,03/06/2021,12.878
PR,04/06/2021,41.685
PR,05/06/2021,49.793
PR,06/06/2021,6.846
PR,07/06/2021,83.669
PR,08/06/2021,97.139
PR,09/06/2021,87.908
PR,10/06/2021,80.857
PR,11/06/2021,81.737
PR,12/06/2021,72.842
PR,13/06/2021,10.977
PR,14/06/2021,84.232
PR,15/06/2021,105.913
PR,16/06/2021,119.400
PR,17/06/2021,90.376
PR,18/06/2021,82.604
PR,19/06/2021,43.782
PR,20/06/2021,23.107
PR,21/06/2021,79.423
PR,22/06/2021,76.443
PR,23/06/2021,52.237
PR,24/06/2021,34.277
PR,25/06/2021,43.435
PR,26/06/2021,57.551
PR,27/06/2021,18.620
PR,28/06/2021,71.549
PR,29/06/2021,57.821
PR,30/06/2021,36.693
PR,01/07/2021,47.168
PR,02/07/2021,51.227
PR,03/07/2021,83.023
PR,04/07/2021,14.650
PR,05/07/2021,69.668
PR,06/07/2021,88.851
PR,07/07/2021,61.932
RJ,17/01/2021,50
RJ,18/01/2021,131
RJ,19/01/2021,3.279
RJ,20/01/2021,51.928
RJ,21/01/2021,30.615
RJ,22/01/2021,26.098
RJ,23/01/2021,5.874
RJ,24/01/2021,2.056
RJ,25/01/2021,17.353
RJ,26/01/2021,22.976
RJ,27/01/2021,33.586
RJ,28/01/2021,29.214
RJ,29/01/2021,21.938
RJ,30/01/2021,2.578
RJ,31/01/2021,231
RJ,01/02/2021,15.466
RJ,02/02/2021,17.207
RJ,03/02/2021,19.214
RJ,04/02/2021,20.188
RJ,05/02/2021,24.321
RJ,06/02/2021,4.599
RJ,07/02/2021,82
RJ,08/02/2021,20.698
RJ,09/02/2021,22.937
RJ,10/02/2021,30.130
RJ,11/02/2021,34.733
RJ,12/02/2021,33.979
RJ,13/02/2021,7.068
RJ,14/02/2021,632
RJ,15/02/2021,22.904
RJ,16/02/2021,45.696
RJ,17/02/2021,23.620
RJ,18/02/2021,34.679
RJ,19/02/2021,24.298
RJ,20/02/2021,2.872
RJ,21/02/2021,1.076
RJ,22/02/2021,19.296
RJ,23/02/2021,21.457
RJ,24/02/2021,18.981
RJ,25/02/2021,33.892
RJ,26/02/2021,37.665
RJ,27/02/2021,31.440
RJ,28/02/2021,285
RJ,01/03/2021,37.234
RJ,02/03/2021,30.151
RJ,03/03/2021,28.753
RJ,04/03/2021,45.665
RJ,05/03/2021,43.623
RJ,06/03/2021,10.521
RJ,07/03/2021,248
RJ,08/03/2021,47.805
RJ,09/03/2021,30.263
RJ,10/03/2021,49.201
RJ,11/03/2021,40.988
RJ,12/03/2021,37.510
RJ,13/03/2021,10.031
RJ,14/03/2021,182
RJ,15/03/2021,36.569
RJ,16/03/2021,38.048
RJ,17/03/2021,21.199
RJ,18/03/2021,41.713
RJ,19/03/2021,37.255
RJ,20/03/2021,12.142
RJ,21/03/2021,1.194
RJ,22/03/2021,49.364
RJ,23/03/2021,50.271
RJ,24/03/2021,70.090
RJ,25/03/2021,71.594
RJ,26/03/2021,66.673
RJ,27/03/2021,49.599
RJ,28/03/2021,7.461
RJ,29/03/2021,94.025
RJ,30/03/2021,93.927
RJ,31/03/2021,107.723
RJ,01/04/2021,97.888
RJ,02/04/2021,66.753
RJ,03/04/2021,41.304
RJ,04/04/2021,4.690
RJ,05/04/2021,117.122
RJ,06/04/2021,85.828
RJ,07/04/2021,114.041
RJ,08/04/2021,83.499
RJ,09/04/2021,94.612
RJ,10/04/2021,63.369
RJ,11/04/2021,10.884
RJ,12/04/2021,97.323
RJ,13/04/2021,89.088
RJ,14/04/2021,80.459
RJ,15/04/2021,113.391
RJ,16/04/2021,109.074
RJ,17/04/2021,46.950
RJ,18/04/2021,3.761
RJ,19/04/2021,141.812
RJ,20/04/2021,131.494
RJ,21/04/2021,90.315
RJ,22/04/2021,117.870
RJ,23/04/2021,90.933
RJ,24/04/2021,54.866
RJ,25/04/2021,669
RJ,26/04/2021,133.882
RJ,27/04/2021,135.463
RJ,28/04/2021,135.647
RJ,29/04/2021,123.286
RJ,30/04/2021,108.202
RJ,01/05/2021,35.146
RJ,02/05/2021,757
RJ,03/05/2021,82.190
RJ,04/05/2021,90.278
RJ,05/05/2021,77.043
RJ,06/05/2021,76.281
RJ,07/05/2021,67.250
RJ,08/05/2021,70.593
RJ,09/05/2021,339
RJ,10/05/2021,61.625
RJ,11/05/2021,74.400
RJ,12/05/2021,62.031
RJ,13/05/2021,63.456
RJ,14/05/2021,99.023
RJ,15/05/2021,41.680
RJ,16/05/2021,11.091
RJ,17/05/2021,71.019
RJ,18/05/2021,74.719
RJ,19/05/2021,78.902
RJ,20/05/2021,68.460
RJ,21/05/2021,87.095
RJ,22/05/2021,47.770
RJ,23/05/2021,122
RJ,24/05/2021,82.103
RJ,25/05/2021,80.014
RJ,26/05/2021,82.950
RJ,27/05/2021,77.005
RJ,28/05/2021,71.594
RJ,29/05/2021,50.452
RJ,30/05/2021,451
RJ,31/05/2021,45.625
RJ,01/06/2021,62.221
RJ,02/06/2021,62.658
RJ,03/06/2021,26.210
RJ,04/06/2021,38.253
RJ,05/06/2021,39.948
RJ,06/06/2021,295
RJ,07/06/2021,69.702
RJ,08/06/2021,73.285
RJ,09/06/2021,91.975
RJ,10/06/2021,61.086
RJ,11/06/2021,55.507
RJ,12/06/2021,50.644
RJ,13/06/2021,182
RJ,14/06/2021,71.518
RJ,15/06/2021,82.634
RJ,16/06/2021,73.114
RJ,17/06/2021,71.847
RJ,18/06/2021,65.464
RJ,19/06/2021,41.133
RJ,20/06/2021,6.570
RJ,21/06/2021,65.626
RJ,22/06/2021,60.904
RJ,23/06/2021,73.364
RJ,24/06/2021,53.687
RJ,25/06/2021,42.126
RJ,26/06/2021,42.666
RJ,27/06/2021,6.940
RJ,28/06/2021,89.356
RJ,29/06/2021,83.932
RJ,30/06/2021,72.281
RJ,01/07/2021,71.474
RJ,02/07/2021,80.568
RJ,03/07/2021,76.825
RJ,04/07/2021,1.596
RJ,05/07/2021,71.700
RJ,06/07/2021,76.213
RJ,07/07/2021,88.314
RN,17/01/2021,76
RN,18/01/2021,3
RN,19/01/2021,112
RN,20/01/2021,9.239
RN,21/01/2021,9.187
RN,22/01/2021,5.846
RN,23/01/2021,224
RN,24/01/2021,565
RN,25/01/2021,3.127
RN,26/01/2021,3.588
RN,27/01/2021,5.616
RN,28/01/2021,8.329
RN,29/01/2021,7.681
RN,30/01/2021,76
RN,31/01/2021,6
RN,01/02/2021,5.126
RN,02/02/2021,3.702
RN,03/02/2021,2.751
RN,04/02/2021,1.311
RN,05/02/2021,2.106
RN,06/02/2021,50
RN,07/02/2021,79
RN,08/02/2021,836
RN,09/02/2021,1.433
RN,10/02/2021,6.087
RN,11/02/2021,8.587
RN,12/02/2021,6.440
RN,13/02/2021,183
RN,14/02/2021,29
RN,15/02/2021,2.034
RN,16/02/2021,2.387
RN,17/02/2021,5.082
RN,18/02/2021,8.264
RN,19/02/2021,5.449
RN,20/02/2021,178
RN,21/02/2021,28
RN,22/02/2021,5.270
RN,23/02/2021,3.867
RN,24/02/2021,3.029
RN,25/02/2021,2.701
RN,26/02/2021,2.554
RN,27/02/2021,228
RN,28/02/2021,61
RN,01/03/2021,6.715
RN,02/03/2021,8.083
RN,03/03/2021,11.140
RN,04/03/2021,9.044
RN,05/03/2021,5.765
RN,06/03/2021,691
RN,07/03/2021,57
RN,08/03/2021,6.439
RN,09/03/2021,7.772
RN,10/03/2021,10.264
RN,11/03/2021,8.203
RN,12/03/2021,4.173
RN,13/03/2021,627
RN,14/03/2021,1.362
RN,15/03/2021,8.992
RN,16/03/2021,8.501
RN,17/03/2021,7.519
RN,18/03/2021,5.720
RN,19/03/2021,4.362
RN,20/03/2021,2.258
RN,21/03/2021,798
RN,22/03/2021,8.390
RN,23/03/2021,14.561
RN,24/03/2021,20.998
RN,25/03/2021,25.284
RN,26/03/2021,18.735
RN,27/03/2021,10.876
RN,28/03/2021,7.075
RN,29/03/2021,25.767
RN,30/03/2021,34.320
RN,31/03/2021,29.523
RN,01/04/2021,8.456
RN,02/04/2021,4.000
RN,03/04/2021,6.931
RN,04/04/2021,6.030
RN,05/04/2021,22.004
RN,06/04/2021,18.508
RN,07/04/2021,18.475
RN,08/04/2021,14.957
RN,09/04/2021,10.023
RN,10/04/2021,8.720
RN,11/04/2021,4.349
RN,12/04/2021,12.115
RN,13/04/2021,12.228
RN,14/04/2021,12.401
RN,15/04/2021,10.761
RN,16/04/2021,6.729
RN,17/04/2021,11.462
RN,18/04/2021,6.627
RN,19/04/2021,12.836
RN,20/04/2021,24.476
RN,21/04/2021,7.075
RN,22/04/2021,23.041
RN,23/04/2021,14.692
RN,24/04/2021,8.094
RN,25/04/2021,4.693
RN,26/04/2021,21.596
RN,27/04/2021,21.502
RN,28/04/2021,14.254
RN,29/04/2021,13.596
RN,30/04/2021,7.795
RN,01/05/2021,1.904
RN,02/05/2021,1.761
RN,03/05/2021,10.095
RN,04/05/2021,13.499
RN,05/05/2021,13.833
RN,06/05/2021,12.492
RN,07/05/2021,9.172
RN,08/05/2021,3.289
RN,09/05/2021,198
RN,10/05/2021,15.137
RN,11/05/2021,12.167
RN,12/05/2021,11.342
RN,13/05/2021,7.940
RN,14/05/2021,19.236
RN,15/05/2021,14.514
RN,16/05/2021,4.998
RN,17/05/2021,18.750
RN,18/05/2021,29.862
RN,19/05/2021,28.908
RN,20/05/2021,20.933
RN,21/05/2021,16.621
RN,22/05/2021,7.048
RN,23/05/2021,1.615
RN,24/05/2021,14.292
RN,25/05/2021,12.794
RN,26/05/2021,13.420
RN,27/05/2021,12.204
RN,28/05/2021,17.374
RN,29/05/2021,4.789
RN,30/05/2021,1.141
RN,31/05/2021,14.369
RN,01/06/2021,17.206
RN,02/06/2021,19.435
RN,03/06/2021,3.792
RN,04/06/2021,8.173
RN,05/06/2021,5.813
RN,06/06/2021,4.016
RN,07/06/2021,17.727
RN,08/06/2021,24.030
RN,09/06/2021,19.563
RN,10/06/2021,18.862
RN,11/06/2021,17.868
RN,12/06/2021,23.710
RN,13/06/2021,4.140
RN,14/06/2021,26.239
RN,15/06/2021,33.397
RN,16/06/2021,35.076
RN,17/06/2021,26.000
RN,18/06/2021,18.383
RN,19/06/2021,8.819
RN,20/06/2021,3.951
RN,21/06/2021,18.871
RN,22/06/2021,21.970
RN,23/06/2021,12.977
RN,24/06/2021,8.228
RN,25/06/2021,7.534
RN,26/06/2021,9.639
RN,27/06/2021,3.338
RN,28/06/2021,19.682
RN,29/06/2021,23.228
RN,30/06/2021,21.270
RN,01/07/2021,13.005
RN,02/07/2021,18.219
RN,03/07/2021,8.348
RN,04/07/2021,3.810
RN,05/07/2021,19.748
RN,06/07/2021,21.112
RN,07/07/2021,16.871
RO,17/01/2021,5
RO,18/01/2021,4
RO,19/01/2021,231
RO,20/01/2021,1.354
RO,21/01/2021,3.272
RO,22/01/2021,2.148
RO,23/01/2021,849
RO,24/01/2021,439
RO,25/01/2021,1.193
RO,26/01/2021,1.660
RO,27/01/2021,1.865
RO,28/01/2021,1.829
RO,29/01/2021,1.804
RO,30/01/2021,1.294
RO,31/01/2021,364
RO,01/02/2021,1.425
RO,02/02/2021,2.150
RO,03/02/2021,2.510
RO,04/02/2021,3.666
RO,05/02/2021,2.658
RO,06/02/2021,288
RO,07/02/2021,35
RO,08/02/2021,869
RO,09/02/2021,1.747
RO,10/02/2021,1.830
RO,11/02/2021,2.184
RO,12/02/2021,2.707
RO,13/02/2021,625
RO,14/02/2021,52
RO,15/02/2021,1.747
RO,16/02/2021,857
RO,17/02/2021,3.134
RO,18/02/2021,3.884
RO,19/02/2021,2.788
RO,20/02/2021,871
RO,21/02/2021,467
RO,22/02/2021,2.983
RO,23/02/2021,2.862
RO,24/02/2021,3.044
RO,25/02/2021,1.797
RO,26/02/2021,1.049
RO,27/02/2021,387
RO,28/02/2021,245
RO,01/03/2021,1.017
RO,02/03/2021,1.912
RO,03/03/2021,2.275
RO,04/03/2021,1.941
RO,05/03/2021,2.004
RO,06/03/2021,423
RO,07/03/2021,139
RO,08/03/2021,1.186
RO,09/03/2021,2.067
RO,10/03/2021,2.338
RO,11/03/2021,3.503
RO,12/03/2021,3.486
RO,13/03/2021,1.086
RO,14/03/2021,158
RO,15/03/2021,2.489
RO,16/03/2021,1.641
RO,17/03/2021,3.322
RO,18/03/2021,2.571
RO,19/03/2021,2.409
RO,20/03/2021,1.499
RO,21/03/2021,233
RO,22/03/2021,1.861
RO,23/03/2021,4.305
RO,24/03/2021,5.032
RO,25/03/2021,5.384
RO,26/03/2021,3.966
RO,27/03/2021,3.390
RO,28/03/2021,2.661
RO,29/03/2021,3.251
RO,30/03/2021,9.132
RO,31/03/2021,11.064
RO,01/04/2021,9.876
RO,02/04/2021,1.004
RO,03/04/2021,2.394
RO,04/04/2021,250
RO,05/04/2021,5.087
RO,06/04/2021,5.102
RO,07/04/2021,7.608
RO,08/04/2021,5.649
RO,09/04/2021,7.470
RO,10/04/2021,2.860
RO,11/04/2021,116
RO,12/04/2021,2.536
RO,13/04/2021,5.797
RO,14/04/2021,4.710
RO,15/04/2021,3.929
RO,16/04/2021,4.383
RO,17/04/2021,1.507
RO,18/04/2021,127
RO,19/04/2021,2.871
RO,20/04/2021,10.359
RO,21/04/2021,2.798
RO,22/04/2021,10.658
RO,23/04/2021,7.183
RO,24/04/2021,6.111
RO,25/04/2021,151
RO,26/04/2021,6.422
RO,27/04/2021,8.282
RO,28/04/2021,7.809
RO,29/04/2021,8.140
RO,30/04/2021,8.101
RO,01/05/2021,2.213
RO,02/05/2021,146
RO,03/05/2021,6.776
RO,04/05/2021,5.833
RO,05/05/2021,5.919
RO,06/05/2021,6.816
RO,07/05/2021,5.469
RO,08/05/2021,2.404
RO,09/05/2021,33
RO,10/05/2021,6.019
RO,11/05/2021,6.448
RO,12/05/2021,5.874
RO,13/05/2021,7.359
RO,14/05/2021,9.440
RO,15/05/2021,1.921
RO,16/05/2021,9
RO,17/05/2021,3.708
RO,18/05/2021,8.237
RO,19/05/2021,7.951
RO,20/05/2021,10.254
RO,21/05/2021,10.029
RO,22/05/2021,2.415
RO,23/05/2021,291
RO,24/05/2021,4.020
RO,25/05/2021,5.160
RO,26/05/2021,5.443
RO,27/05/2021,4.258
RO,28/05/2021,6.251
RO,29/05/2021,808
RO,30/05/2021,80
RO,31/05/2021,4.904
RO,01/06/2021,6.616
RO,02/06/2021,12.612
RO,03/06/2021,346
RO,04/06/2021,7.964
RO,05/06/2021,4.228
RO,06/06/2021,689
RO,07/06/2021,9.032
RO,08/06/2021,10.169
RO,09/06/2021,9.778
RO,10/06/2021,14.613
RO,11/06/2021,14.389
RO,12/06/2021,2.416
RO,13/06/2021,321
RO,14/06/2021,6.358
RO,15/06/2021,11.910
RO,16/06/2021,10.845
RO,17/06/2021,9.400
RO,18/06/2021,13.412
RO,19/06/2021,8.075
RO,20/06/2021,2.715
RO,21/06/2021,7.915
RO,22/06/2021,11.152
RO,23/06/2021,8.059
RO,24/06/2021,11.334
RO,25/06/2021,9.112
RO,26/06/2021,2.531
RO,27/06/2021,261
RO,28/06/2021,10.734
RO,29/06/2021,13.460
RO,30/06/2021,9.560
RO,01/07/2021,4.734
RO,02/07/2021,6.252
RO,03/07/2021,2.808
RO,04/07/2021,3.117
RO,05/07/2021,8.912
RO,06/07/2021,11.996
RO,07/07/2021,12.624
RR,17/01/2021,5
RR,18/01/2021,8
RR,19/01/2021,7
RR,20/01/2021,324
RR,21/01/2021,1.408
RR,22/01/2021,1.697
RR,23/01/2021,1.152
RR,24/01/2021,313
RR,25/01/2021,1.607
RR,26/01/2021,1.607
RR,27/01/2021,1.236
RR,28/01/2021,1.186
RR,29/01/2021,1.165
RR,30/01/2021,413
RR,31/01/2021,211
RR,01/02/2021,859
RR,02/02/2021,838
RR,03/02/2021,1.224
RR,04/02/2021,1.240
RR,05/02/2021,1.050
RR,06/02/2021,828
RR,07/02/2021,392
RR,08/02/2021,1.923
RR,09/02/2021,2.093
RR,10/02/2021,2.082
RR,11/02/2021,2.250
RR,12/02/2021,2.172
RR,13/02/2021,728
RR,14/02/2021,436
RR,15/02/2021,1.691
RR,16/02/2021,1.275
RR,17/02/2021,1.696
RR,18/02/2021,1.966
RR,19/02/2021,1.641
RR,20/02/2021,552
RR,21/02/2021,236
RR,22/02/2021,1.350
RR,23/02/2021,1.093
RR,24/02/2021,1.161
RR,25/02/2021,1.221
RR,26/02/2021,1.095
RR,27/02/2021,711
RR,28/02/2021,163
RR,01/03/2021,1.775
RR,02/03/2021,2.435
RR,03/03/2021,1.462
RR,04/03/2021,1.126
RR,05/03/2021,1.458
RR,06/03/2021,434
RR,07/03/2021,200
RR,08/03/2021,1.066
RR,09/03/2021,967
RR,10/03/2021,927
RR,11/03/2021,774
RR,12/03/2021,770
RR,13/03/2021,286
RR,14/03/2021,188
RR,15/03/2021,741
RR,16/03/2021,576
RR,17/03/2021,508
RR,18/03/2021,680
RR,19/03/2021,2.494
RR,20/03/2021,1.175
RR,21/03/2021,507
RR,22/03/2021,1.434
RR,23/03/2021,2.038
RR,24/03/2021,1.184
RR,25/03/2021,932
RR,26/03/2021,814
RR,27/03/2021,1.967
RR,28/03/2021,46
RR,29/03/2021,1.915
RR,30/03/2021,1.275
RR,31/03/2021,2.822
RR,01/04/2021,1.206
RR,02/04/2021,311
RR,03/04/2021,297
RR,04/04/2021,12
RR,05/04/2021,1.417
RR,06/04/2021,3.234
RR,07/04/2021,2.871
RR,08/04/2021,1.920
RR,09/04/2021,2.700
RR,10/04/2021,1.552
RR,11/04/2021,52
RR,12/04/2021,2.065
RR,13/04/2021,1.846
RR,14/04/2021,1.686
RR,15/04/2021,1.191
RR,16/04/2021,1.042
RR,17/04/2021,1.268
RR,18/04/2021,42
RR,19/04/2021,2.069
RR,20/04/2021,1.386
RR,21/04/2021,1.660
RR,22/04/2021,796
RR,23/04/2021,392
RR,24/04/2021,1.021
RR,25/04/2021,63
RR,26/04/2021,1.681
RR,27/04/2021,2.533
RR,28/04/2021,2.697
RR,29/04/2021,1.369
RR,30/04/2021,1.016
RR,01/05/2021,328
RR,02/05/2021,133
RR,03/05/2021,1.328
RR,04/05/2021,905
RR,05/05/2021,938
RR,06/05/2021,1.110
RR,07/05/2021,1.359
RR,08/05/2021,763
RR,09/05/2021,5
RR,10/05/2021,1.498
RR,11/05/2021,916
RR,12/05/2021,682
RR,13/05/2021,1.392
RR,14/05/2021,1.010
RR,15/05/2021,408
RR,16/05/2021,47
RR,17/05/2021,919
RR,18/05/2021,1.610
RR,19/05/2021,1.136
RR,20/05/2021,913
RR,21/05/2021,840
RR,22/05/2021,344
RR,23/05/2021,2
RR,24/05/2021,1.490
RR,25/05/2021,1.238
RR,26/05/2021,1.159
RR,27/05/2021,1.689
RR,28/05/2021,1.163
RR,29/05/2021,414
RR,30/05/2021,1
RR,31/05/2021,1.501
RR,01/06/2021,1.901
RR,02/06/2021,1.591
RR,03/06/2021,1.122
RR,04/06/2021,971
RR,05/06/2021,1.125
RR,06/06/2021,20
RR,07/06/2021,1.670
RR,08/06/2021,2.336
RR,09/06/2021,1.835
RR,10/06/2021,2.550
RR,11/06/2021,2.634
RR,12/06/2021,1.129
RR,13/06/2021,27
RR,14/06/2021,3.166
RR,15/06/2021,2.553
RR,16/06/2021,3.336
RR,17/06/2021,2.920
RR,18/06/2021,2.990
RR,19/06/2021,1.442
RR,20/06/2021,33
RR,21/06/2021,5.288
RR,22/06/2021,5.326
RR,23/06/2021,4.113
RR,24/06/2021,3.166
RR,25/06/2021,3.145
RR,26/06/2021,3.040
RR,27/06/2021,1.642
RR,28/06/2021,1.567
RR,29/06/2021,4.725
RR,30/06/2021,4.853
RR,01/07/2021,2.897
RR,02/07/2021,2.115
RR,03/07/2021,1.308
RR,04/07/2021,45
RR,05/07/2021,2.541
RR,06/07/2021,2.914
RR,07/07/2021,1.671
RS,17/01/2021,58
RS,18/01/2021,207
RS,19/01/2021,1.773
RS,20/01/2021,30.555
RS,21/01/2021,29.780
RS,22/01/2021,22.278
RS,23/01/2021,2.707
RS,24/01/2021,477
RS,25/01/2021,13.955
RS,26/01/2021,19.832
RS,27/01/2021,19.875
RS,28/01/2021,19.450
RS,29/01/2021,20.747
RS,30/01/2021,3.849
RS,31/01/2021,100
RS,01/02/2021,12.380
RS,02/02/2021,7.347
RS,03/02/2021,13.783
RS,04/02/2021,15.452
RS,05/02/2021,12.907
RS,06/02/2021,7.233
RS,07/02/2021,394
RS,08/02/2021,10.060
RS,09/02/2021,17.949
RS,10/02/2021,42.444
RS,11/02/2021,44.469
RS,12/02/2021,38.639
RS,13/02/2021,8.875
RS,14/02/2021,549
RS,15/02/2021,7.674
RS,16/02/2021,12.857
RS,17/02/2021,33.006
RS,18/02/2021,38.695
RS,19/02/2021,28.884
RS,20/02/2021,5.649
RS,21/02/2021,727
RS,22/02/2021,16.809
RS,23/02/2021,15.446
RS,24/02/2021,10.553
RS,25/02/2021,10.268
RS,26/02/2021,22.626
RS,27/02/2021,16.652
RS,28/02/2021,3.167
RS,01/03/2021,28.470
RS,02/03/2021,34.549
RS,03/03/2021,26.357
RS,04/03/2021,20.087
RS,05/03/2021,23.673
RS,06/03/2021,5.465
RS,07/03/2021,823
RS,08/03/2021,18.246
RS,09/03/2021,22.008
RS,10/03/2021,37.177
RS,11/03/2021,34.925
RS,12/03/2021,57.371
RS,13/03/2021,38.455
RS,14/03/2021,4.854
RS,15/03/2021,42.828
RS,16/03/2021,36.112
RS,17/03/2021,36.658
RS,18/03/2021,26.059
RS,19/03/2021,58.464
RS,20/03/2021,52.026
RS,21/03/2021,2.561
RS,22/03/2021,52.014
RS,23/03/2021,47.857
RS,24/03/2021,84.100
RS,25/03/2021,80.352
RS,26/03/2021,72.679
RS,27/03/2021,75.528
RS,28/03/2021,6.952
RS,29/03/2021,85.181
RS,30/03/2021,94.750
RS,31/03/2021,80.340
RS,01/04/2021,71.374
RS,02/04/2021,10.888
RS,03/04/2021,66.695
RS,04/04/2021,2.461
RS,05/04/2021,74.603
RS,06/04/2021,67.668
RS,07/04/2021,43.320
RS,08/04/2021,47.108
RS,09/04/2021,54.832
RS,10/04/2021,71.922
RS,11/04/2021,4.130
RS,12/04/2021,77.411
RS,13/04/2021,57.591
RS,14/04/2021,49.120
RS,15/04/2021,44.629
RS,16/04/2021,65.792
RS,17/04/2021,86.234
RS,18/04/2021,5.131
RS,19/04/2021,104.257
RS,20/04/2021,109.585
RS,21/04/2021,19.244
RS,22/04/2021,103.191
RS,23/04/2021,85.401
RS,24/04/2021,67.373
RS,25/04/2021,1.189
RS,26/04/2021,83.144
RS,27/04/2021,61.436
RS,28/04/2021,33.660
RS,29/04/2021,24.235
RS,30/04/2021,19.421
RS,01/05/2021,20.036
RS,02/05/2021,449
RS,03/05/2021,42.039
RS,04/05/2021,40.501
RS,05/05/2021,63.537
RS,06/05/2021,66.364
RS,07/05/2021,74.179
RS,08/05/2021,35.380
RS,09/05/2021,680
RS,10/05/2021,57.975
RS,11/05/2021,72.649
RS,12/05/2021,57.879
RS,13/05/2021,51.306
RS,14/05/2021,59.106
RS,15/05/2021,62.128
RS,16/05/2021,2.352
RS,17/05/2021,68.351
RS,18/05/2021,53.775
RS,19/05/2021,52.673
RS,20/05/2021,119.147
RS,21/05/2021,81.068
RS,22/05/2021,29.229
RS,23/05/2021,722
RS,24/05/2021,55.659
RS,25/05/2021,56.588
RS,26/05/2021,52.447
RS,27/05/2021,54.937
RS,28/05/2021,58.790
RS,29/05/2021,27.041
RS,30/05/2021,208
RS,31/05/2021,46.442
RS,01/06/2021,71.482
RS,02/06/2021,72.790
RS,03/06/2021,17.418
RS,04/06/2021,47.038
RS,05/06/2021,32.970
RS,06/06/2021,1.346
RS,07/06/2021,80.172
RS,08/06/2021,91.157
RS,09/06/2021,75.354
RS,10/06/2021,76.685
RS,11/06/2021,71.528
RS,12/06/2021,60.953
RS,13/06/2021,2.794
RS,14/06/2021,90.604
RS,15/06/2021,93.930
RS,16/06/2021,76.228
RS,17/06/2021,76.325
RS,18/06/2021,71.140
RS,19/06/2021,81.722
RS,20/06/2021,4.436
RS,21/06/2021,83.496
RS,22/06/2021,79.559
RS,23/06/2021,50.589
RS,24/06/2021,37.055
RS,25/06/2021,38.656
RS,26/06/2021,81.110
RS,27/06/2021,4.121
RS,28/06/2021,91.908
RS,29/06/2021,75.070
RS,30/06/2021,55.787
RS,01/07/2021,45.706
RS,02/07/2021,86.402
RS,03/07/2021,74.217
RS,04/07/2021,1.991
RS,05/07/2021,91.531
RS,06/07/2021,92.467
RS,07/07/2021,87.269
SC,17/01/2021,25
SC,18/01/2021,12
SC,19/01/2021,2.755
SC,20/01/2021,13.853
SC,21/01/2021,12.009
SC,22/01/2021,6.917
SC,23/01/2021,968
SC,24/01/2021,249
SC,25/01/2021,5.282
SC,26/01/2021,4.398
SC,27/01/2021,4.484
SC,28/01/2021,6.774
SC,29/01/2021,9.314
SC,30/01/2021,1.263
SC,31/01/2021,195
SC,01/02/2021,5.352
SC,02/02/2021,5.082
SC,03/02/2021,4.630
SC,04/02/2021,4.312
SC,05/02/2021,5.437
SC,06/02/2021,988
SC,07/02/2021,701
SC,08/02/2021,4.166
SC,09/02/2021,5.413
SC,10/02/2021,11.666
SC,11/02/2021,15.571
SC,12/02/2021,14.259
SC,13/02/2021,2.808
SC,14/02/2021,1.366
SC,15/02/2021,9.357
SC,16/02/2021,9.657
SC,17/02/2021,12.440
SC,18/02/2021,9.896
SC,19/02/2021,6.829
SC,20/02/2021,1.179
SC,21/02/2021,91
SC,22/02/2021,4.218
SC,23/02/2021,4.118
SC,24/02/2021,3.642
SC,25/02/2021,3.963
SC,26/02/2021,10.556
SC,27/02/2021,11.419
SC,28/02/2021,2.736
SC,01/03/2021,13.315
SC,02/03/2021,14.593
SC,03/03/2021,14.523
SC,04/03/2021,13.505
SC,05/03/2021,19.403
SC,06/03/2021,16.689
SC,07/03/2021,1.740
SC,08/03/2021,11.754
SC,09/03/2021,12.232
SC,10/03/2021,10.512
SC,11/03/2021,9.295
SC,12/03/2021,18.332
SC,13/03/2021,10.490
SC,14/03/2021,1.261
SC,15/03/2021,11.541
SC,16/03/2021,8.591
SC,17/03/2021,6.222
SC,18/03/2021,5.512
SC,19/03/2021,24.598
SC,20/03/2021,50.195
SC,21/03/2021,15.009
SC,22/03/2021,22.049
SC,23/03/2021,36.105
SC,24/03/2021,41.542
SC,25/03/2021,35.169
SC,26/03/2021,29.817
SC,27/03/2021,29.799
SC,28/03/2021,8.334
SC,29/03/2021,25.088
SC,30/03/2021,44.630
SC,31/03/2021,36.326
SC,01/04/2021,23.046
SC,02/04/2021,3.104
SC,03/04/2021,12.823
SC,04/04/2021,1.673
SC,05/04/2021,26.118
SC,06/04/2021,31.504
SC,07/04/2021,22.370
SC,08/04/2021,16.163
SC,09/04/2021,27.458
SC,10/04/2021,34.961
SC,11/04/2021,10.068
SC,12/04/2021,26.662
SC,13/04/2021,28.726
SC,14/04/2021,29.643
SC,15/04/2021,32.420
SC,16/04/2021,32.624
SC,17/04/2021,47.803
SC,18/04/2021,10.585
SC,19/04/2021,38.852
SC,20/04/2021,51.919
SC,21/04/2021,23.339
SC,22/04/2021,45.583
SC,23/04/2021,32.586
SC,24/04/2021,33.151
SC,25/04/2021,4.452
SC,26/04/2021,30.193
SC,27/04/2021,34.314
SC,28/04/2021,29.131
SC,29/04/2021,23.362
SC,30/04/2021,22.160
SC,01/05/2021,33.433
SC,02/05/2021,11.439
SC,03/05/2021,32.707
SC,04/05/2021,35.832
SC,05/05/2021,34.382
SC,06/05/2021,30.434
SC,07/05/2021,25.781
SC,08/05/2021,15.887
SC,09/05/2021,1.128
SC,10/05/2021,24.285
SC,11/05/2021,28.972
SC,12/05/2021,22.051
SC,13/05/2021,20.789
SC,14/05/2021,19.465
SC,15/05/2021,19.253
SC,16/05/2021,6.693
SC,17/05/2021,18.509
SC,18/05/2021,21.594
SC,19/05/2021,24.400
SC,20/05/2021,22.684
SC,21/05/2021,20.323
SC,22/05/2021,11.447
SC,23/05/2021,6.468
SC,24/05/2021,19.058
SC,25/05/2021,25.699
SC,26/05/2021,29.499
SC,27/05/2021,33.119
SC,28/05/2021,35.432
SC,29/05/2021,25.554
SC,30/05/2021,2.408
SC,31/05/2021,31.951
SC,01/06/2021,35.625
SC,02/06/2021,36.282
SC,03/06/2021,9.977
SC,04/06/2021,23.751
SC,05/06/2021,20.708
SC,06/06/2021,3.110
SC,07/06/2021,39.901
SC,08/06/2021,48.396
SC,09/06/2021,49.169
SC,10/06/2021,45.251
SC,11/06/2021,50.037
SC,12/06/2021,45.734
SC,13/06/2021,9.507
SC,14/06/2021,42.484
SC,15/06/2021,47.698
SC,16/06/2021,41.172
SC,17/06/2021,32.887
SC,18/06/2021,26.188
SC,19/06/2021,26.598
SC,20/06/2021,3.599
SC,21/06/2021,29.366
SC,22/06/2021,34.346
SC,23/06/2021,29.545
SC,24/06/2021,19.574
SC,25/06/2021,26.104
SC,26/06/2021,32.793
SC,27/06/2021,2.630
SC,28/06/2021,36.173
SC,29/06/2021,32.945
SC,30/06/2021,26.020
SC,01/07/2021,24.169
SC,02/07/2021,41.311
SC,03/07/2021,35.134
SC,04/07/2021,3.761
SC,05/07/2021,32.925
SC,06/07/2021,44.947
SC,07/07/2021,39.277
SE,17/01/2021,2
SE,18/01/2021,8
SE,19/01/2021,1.071
SE,20/01/2021,4.139
SE,21/01/2021,4.588
SE,22/01/2021,2.999
SE,23/01/2021,195
SE,24/01/2021,9
SE,25/01/2021,3.036
SE,26/01/2021,3.016
SE,27/01/2021,2.339
SE,28/01/2021,1.590
SE,29/01/2021,1.350
SE,30/01/2021,26
SE,31/01/2021,6
SE,01/02/2021,1.163
SE,02/02/2021,1.827
SE,03/02/2021,1.739
SE,04/02/2021,1.515
SE,05/02/2021,1.166
SE,06/02/2021,2.748
SE,07/02/2021,60
SE,08/02/2021,756
SE,09/02/2021,1.299
SE,10/02/2021,6.899
SE,11/02/2021,8.238
SE,12/02/2021,5.808
SE,13/02/2021,1.417
SE,14/02/2021,37
SE,15/02/2021,2.572
SE,16/02/2021,1.719
SE,17/02/2021,2.066
SE,18/02/2021,5.151
SE,19/02/2021,2.942
SE,20/02/2021,216
SE,21/02/2021,10
SE,22/02/2021,1.867
SE,23/02/2021,1.826
SE,24/02/2021,1.951
SE,25/02/2021,1.115
SE,26/02/2021,999
SE,27/02/2021,87
SE,28/02/2021,7
SE,01/03/2021,900
SE,02/03/2021,7.709
SE,03/03/2021,7.524
SE,04/03/2021,11.242
SE,05/03/2021,10.875
SE,06/03/2021,3.338
SE,07/03/2021,882
SE,08/03/2021,4.841
SE,09/03/2021,9.030
SE,10/03/2021,5.209
SE,11/03/2021,3.258
SE,12/03/2021,5.233
SE,13/03/2021,1.208
SE,14/03/2021,29
SE,15/03/2021,4.536
SE,16/03/2021,2.712
SE,17/03/2021,1.022
SE,18/03/2021,913
SE,19/03/2021,5.357
SE,20/03/2021,1.671
SE,21/03/2021,99
SE,22/03/2021,7.471
SE,23/03/2021,8.274
SE,24/03/2021,13.829
SE,25/03/2021,13.740
SE,26/03/2021,12.412
SE,27/03/2021,3.944
SE,28/03/2021,2.186
SE,29/03/2021,10.542
SE,30/03/2021,18.910
SE,31/03/2021,15.303
SE,01/04/2021,4.623
SE,02/04/2021,6.610
SE,03/04/2021,4.946
SE,04/04/2021,1.921
SE,05/04/2021,14.330
SE,06/04/2021,13.755
SE,07/04/2021,13.306
SE,08/04/2021,7.172
SE,09/04/2021,8.377
SE,10/04/2021,1.780
SE,11/04/2021,3.422
SE,12/04/2021,15.446
SE,13/04/2021,17.161
SE,14/04/2021,14.723
SE,15/04/2021,13.551
SE,16/04/2021,9.034
SE,17/04/2021,2.260
SE,18/04/2021,4.132
SE,19/04/2021,14.790
SE,20/04/2021,18.232
SE,21/04/2021,4.561
SE,22/04/2021,10.763
SE,23/04/2021,3.849
SE,24/04/2021,2.320
SE,25/04/2021,381
SE,26/04/2021,7.984
SE,27/04/2021,7.069
SE,28/04/2021,5.347
SE,29/04/2021,3.216
SE,30/04/2021,2.598
SE,01/05/2021,397
SE,02/05/2021,259
SE,03/05/2021,3.407
SE,04/05/2021,6.583
SE,05/05/2021,6.567
SE,06/05/2021,4.674
SE,07/05/2021,6.500
SE,08/05/2021,1.068
SE,09/05/2021,385
SE,10/05/2021,5.822
SE,11/05/2021,9.285
SE,12/05/2021,7.977
SE,13/05/2021,8.075
SE,14/05/2021,6.931
SE,15/05/2021,4.525
SE,16/05/2021,2.139
SE,17/05/2021,8.191
SE,18/05/2021,9.772
SE,19/05/2021,8.604
SE,20/05/2021,9.110
SE,21/05/2021,6.363
SE,22/05/2021,1.259
SE,23/05/2021,373
SE,24/05/2021,5.369
SE,25/05/2021,9.581
SE,26/05/2021,8.409
SE,27/05/2021,7.134
SE,28/05/2021,5.110
SE,29/05/2021,1.303
SE,30/05/2021,753
SE,31/05/2021,6.745
SE,01/06/2021,11.692
SE,02/06/2021,13.394
SE,03/06/2021,3.934
SE,04/06/2021,8.024
SE,05/06/2021,5.179
SE,06/06/2021,2.326
SE,07/06/2021,11.037
SE,08/06/2021,12.829
SE,09/06/2021,12.375
SE,10/06/2021,11.707
SE,11/06/2021,10.770
SE,12/06/2021,8.668
SE,13/06/2021,4.363
SE,14/06/2021,13.048
SE,15/06/2021,13.734
SE,16/06/2021,13.086
SE,17/06/2021,12.535
SE,18/06/2021,11.977
SE,19/06/2021,10.300
SE,20/06/2021,12.622
SE,21/06/2021,12.294
SE,22/06/2021,7.614
SE,23/06/2021,2.533
SE,24/06/2021,496
SE,25/06/2021,1.110
SE,26/06/2021,9.943
SE,27/06/2021,7.534
SE,28/06/2021,9.148
SE,29/06/2021,2.829
SE,30/06/2021,6.257
SE,01/07/2021,5.144
SE,02/07/2021,6.270
SE,03/07/2021,7.540
SE,04/07/2021,7.700
SE,05/07/2021,9.005
SE,06/07/2021,9.851
SE,07/07/2021,2.377
SP,17/01/2021,276
SP,18/01/2021,1.311
SP,19/01/2021,10.021
SP,20/01/2021,32.180
SP,21/01/2021,98.176
SP,22/01/2021,146.284
SP,23/01/2021,32.834
SP,24/01/2021,10.339
SP,25/01/2021,59.139
SP,26/01/2021,60.669
SP,27/01/2021,78.072
SP,28/01/2021,108.901
SP,29/01/2021,91.314
SP,30/01/2021,21.042
SP,31/01/2021,3.956
SP,01/02/2021,57.305
SP,02/02/2021,67.453
SP,03/02/2021,87.701
SP,04/02/2021,125.176
SP,05/02/2021,113.485
SP,06/02/2021,36.409
SP,07/02/2021,10.291
SP,08/02/2021,115.649
SP,09/02/2021,87.537
SP,10/02/2021,79.841
SP,11/02/2021,150.800
SP,12/02/2021,214.906
SP,13/02/2021,41.660
SP,14/02/2021,15.282
SP,15/02/2021,144.090
SP,16/02/2021,116.622
SP,17/02/2021,105.861
SP,18/02/2021,106.933
SP,19/02/2021,77.270
SP,20/02/2021,11.032
SP,21/02/2021,1.650
SP,22/02/2021,48.804
SP,23/02/2021,41.236
SP,24/02/2021,35.538
SP,25/02/2021,32.064
SP,26/02/2021,50.451
SP,27/02/2021,102.195
SP,28/02/2021,18.869
SP,01/03/2021,241.696
SP,02/03/2021,206.058
SP,03/03/2021,288.614
SP,04/03/2021,160.381
SP,05/03/2021,151.724
SP,06/03/2021,79.112
SP,07/03/2021,12.656
SP,08/03/2021,129.878
SP,09/03/2021,108.347
SP,10/03/2021,96.228
SP,11/03/2021,94.141
SP,12/03/2021,101.549
SP,13/03/2021,48.345
SP,14/03/2021,8.932
SP,15/03/2021,225.939
SP,16/03/2021,111.252
SP,17/03/2021,81.034
SP,18/03/2021,96.044
SP,19/03/2021,345.935
SP,20/03/2021,107.838
SP,21/03/2021,12.189
SP,22/03/2021,155.846
SP,23/03/2021,104.359
SP,24/03/2021,163.074
SP,25/03/2021,177.357
SP,26/03/2021,308.588
SP,27/03/2021,105.008
SP,28/03/2021,11.166
SP,29/03/2021,168.169
SP,30/03/2021,109.945
SP,31/03/2021,110.634
SP,01/04/2021,106.473
SP,02/04/2021,60.544
SP,03/04/2021,51.255
SP,04/04/2021,4.012
SP,05/04/2021,282.592
SP,06/04/2021,173.986
SP,07/04/2021,123.469
SP,08/04/2021,101.370
SP,09/04/2021,226.042
SP,10/04/2021,119.153
SP,11/04/2021,17.725
SP,12/04/2021,238.080
SP,13/04/2021,160.247
SP,14/04/2021,179.126
SP,15/04/2021,193.597
SP,16/04/2021,328.175
SP,17/04/2021,85.506
SP,18/04/2021,17.864
SP,19/04/2021,210.426
SP,20/04/2021,249.954
SP,21/04/2021,257.774
SP,22/04/2021,230.746
SP,23/04/2021,296.117
SP,24/04/2021,81.123
SP,25/04/2021,9.374
SP,26/04/2021,178.463
SP,27/04/2021,139.465
SP,28/04/2021,174.636
SP,29/04/2021,228.478
SP,30/04/2021,80.216
SP,01/05/2021,23.886
SP,02/05/2021,7.072
SP,03/05/2021,116.560
SP,04/05/2021,130.053
SP,05/05/2021,161.499
SP,06/05/2021,280.892
SP,07/05/2021,246.638
SP,08/05/2021,124.302
SP,09/05/2021,4.758
SP,10/05/2021,167.100
SP,11/05/2021,139.077
SP,12/05/2021,222.583
SP,13/05/2021,161.583
SP,14/05/2021,263.869
SP,15/05/2021,116.833
SP,16/05/2021,13.959
SP,17/05/2021,188.166
SP,18/05/2021,237.188
SP,19/05/2021,187.229
SP,20/05/2021,192.819
SP,21/05/2021,242.778
SP,22/05/2021,119.287
SP,23/05/2021,11.246
SP,24/05/2021,228.276
SP,25/05/2021,197.387
SP,26/05/2021,178.843
SP,27/05/2021,174.000
SP,28/05/2021,254.639
SP,29/05/2021,97.851
SP,30/05/2021,10.017
SP,31/05/2021,164.401
SP,01/06/2021,198.201
SP,02/06/2021,261.440
SP,03/06/2021,108.978
SP,04/06/2021,127.130
SP,05/06/2021,75.006
SP,06/06/2021,7.119
SP,07/06/2021,177.775
SP,08/06/2021,166.448
SP,09/06/2021,173.459
SP,10/06/2021,191.352
SP,11/06/2021,275.112
SP,12/06/2021,158.055
SP,13/06/2021,9.634
SP,14/06/2021,252.405
SP,15/06/2021,298.561
SP,16/06/2021,497.874
SP,17/06/2021,478.138
SP,18/06/2021,434.776
SP,19/06/2021,394.711
SP,20/06/2021,31.697
SP,21/06/2021,313.069
SP,22/06/2021,274.524
SP,23/06/2021,426.885
SP,24/06/2021,391.787
SP,25/06/2021,396.054
SP,26/06/2021,240.991
SP,27/06/2021,25.672
SP,28/06/2021,359.840
SP,29/06/2021,379.888
SP,30/06/2021,422.697
SP,01/07/2021,289.821
SP,02/07/2021,306.329
SP,03/07/2021,129.239
SP,04/07/2021,6.519
SP,05/07/2021,310.453
SP,06/07/2021,301.248
SP,07/07/2021,320.545
SP,08/07/2021,1
TO,17/01/2021,2
TO,18/01/2021,11
TO,19/01/2021,8
TO,20/01/2021,130
TO,21/01/2021,768
TO,22/01/2021,2.158
TO,23/01/2021,476
TO,24/01/2021,42
TO,25/01/2021,1.620
TO,26/01/2021,1.352
TO,27/01/2021,1.453
TO,28/01/2021,1.608
TO,29/01/2021,1.343
TO,30/01/2021,57
TO,31/01/2021,26
TO,01/02/2021,1.086
TO,02/02/2021,1.866
TO,03/02/2021,1.749
TO,04/02/2021,2.003
TO,05/02/2021,1.931
TO,06/02/2021,580
TO,07/02/2021,228
TO,08/02/2021,1.527
TO,09/02/2021,1.362
TO,10/02/2021,1.253
TO,11/02/2021,2.283
TO,12/02/2021,4.129
TO,13/02/2021,1.144
TO,14/02/2021,3
TO,15/02/2021,2.452
TO,16/02/2021,1.341
TO,17/02/2021,2.285
TO,18/02/2021,4.674
TO,19/02/2021,3.987
TO,20/02/2021,1.463
TO,21/02/2021,23
TO,22/02/2021,3.078
TO,23/02/2021,2.321
TO,24/02/2021,2.698
TO,25/02/2021,1.962
TO,26/02/2021,1.690
TO,27/02/2021,795
TO,28/02/2021,20
TO,01/03/2021,991
TO,02/03/2021,2.253
TO,03/03/2021,2.668
TO,04/03/2021,2.511
TO,05/03/2021,1.393
TO,06/03/2021,702
TO,07/03/2021,22
TO,08/03/2021,1.004
TO,09/03/2021,1.732
TO,10/03/2021,2.064
TO,11/03/2021,2.810
TO,12/03/2021,2.527
TO,13/03/2021,566
TO,14/03/2021,7
TO,15/03/2021,2.361
TO,16/03/2021,2.628
TO,17/03/2021,1.890
TO,18/03/2021,5.831
TO,19/03/2021,3.129
TO,20/03/2021,268
TO,21/03/2021,39
TO,22/03/2021,2.546
TO,23/03/2021,1.946
TO,24/03/2021,2.438
TO,25/03/2021,9.711
TO,26/03/2021,11.426
TO,27/03/2021,7.002
TO,28/03/2021,260
TO,29/03/2021,5.885
TO,30/03/2021,7.456
TO,31/03/2021,9.831
TO,01/04/2021,6.286
TO,02/04/2021,189
TO,03/04/2021,492
TO,04/04/2021,63
TO,05/04/2021,6.218
TO,06/04/2021,5.787
TO,07/04/2021,4.195
TO,08/04/2021,4.099
TO,09/04/2021,3.237
TO,10/04/2021,373
TO,11/04/2021,2
TO,12/04/2021,1.459
TO,13/04/2021,1.793
TO,14/04/2021,1.380
TO,15/04/2021,7.662
TO,16/04/2021,5.110
TO,17/04/2021,3.622
TO,18/04/2021,17
TO,19/04/2021,3.292
TO,20/04/2021,4.783
TO,21/04/2021,6.592
TO,22/04/2021,11.833
TO,23/04/2021,11.263
TO,24/04/2021,3.946
TO,25/04/2021,391
TO,26/04/2021,8.505
TO,27/04/2021,6.108
TO,28/04/2021,8.616
TO,29/04/2021,12.073
TO,30/04/2021,6.502
TO,01/05/2021,1.699
TO,02/05/2021,7
TO,03/05/2021,6.447
TO,04/05/2021,6.827
TO,05/05/2021,4.199
TO,06/05/2021,9.191
TO,07/05/2021,7.703
TO,08/05/2021,1.841
TO,09/05/2021,76
TO,10/05/2021,4.652
TO,11/05/2021,4.616
TO,12/05/2021,4.024
TO,13/05/2021,5.049
TO,14/05/2021,5.099
TO,15/05/2021,1.525
TO,16/05/2021,5
TO,17/05/2021,4.631
TO,18/05/2021,5.067
TO,19/05/2021,4.793
TO,20/05/2021,5.767
TO,21/05/2021,3.282
TO,22/05/2021,573
TO,23/05/2021,14
TO,24/05/2021,3.407
TO,25/05/2021,4.197
TO,26/05/2021,3.554
TO,27/05/2021,4.118
TO,28/05/2021,4.983
TO,29/05/2021,752
TO,30/05/2021,6
TO,31/05/2021,4.009
TO,01/06/2021,7.238
TO,02/06/2021,9.551
TO,03/06/2021,3.026
TO,04/06/2021,2.835
TO,05/06/2021,662
TO,06/06/2021,31
TO,07/06/2021,5.503
TO,08/06/2021,7.247
TO,09/06/2021,8.184
TO,10/06/2021,10.056
TO,11/06/2021,9.213
TO,12/06/2021,2.791
TO,13/06/2021,28
TO,14/06/2021,7.427
TO,15/06/2021,8.697
TO,16/06/2021,8.166
TO,17/06/2021,8.587
TO,18/06/2021,9.973
TO,19/06/2021,3.297
TO,20/06/2021,3
TO,21/06/2021,9.893
TO,22/06/2021,10.784
TO,23/06/2021,11.090
TO,24/06/2021,11.739
TO,25/06/2021,11.179
TO,26/06/2021,4.311
TO,27/06/2021,141
TO,28/06/2021,11.716
TO,29/06/2021,10.614
TO,30/06/2021,7.842
TO,01/07/2021,11.535
TO,02/07/2021,11.948
TO,03/07/2021,6.438
TO,04/07/2021,50
TO,05/07/2021,11.008
TO,06/07/2021,8.136
TO,07/07/2021,6.144